model,budget_pp,method,final_top1,final_top5,final_drop_pp,refinement_drop_pp,refinement_budget_satisfied,final_budget_satisfied,unweighted_energy_proxy,parameter_weighted_cost,initial_refinement_drop_pp,initial_parameter_weighted_cost,repair_single_batches,repair_pair_batches,repair_block_batches,reclaim_batches,changed_layers,selected_layer_count
deit_tiny,0.1,SQuaRE,58.55,81.49,1.2600000000000051,-0.1953125,True,False,0.2799479166666667,0.2923177083333333,1.46484375,0.2502170138888889,3,1,0,0,5,48
deit_tiny,0.1,OBC-block256,59.64,82.74,0.1700000000000017,-0.1953125,True,False,0.5,0.546875,,,,,,,,48
deit_tiny,0.1,SparseGPT-adapted,59.67,82.71,0.14000000000000057,0.09765625,True,False,0.46875,0.5260416666666666,,,,,,,,48
deit_tiny,0.5,SQuaRE,57.77,81.15,2.039999999999999,0.390625,True,False,0.4423828125,0.4302300347222222,29.8828125,0.12337239583333333,22,0,3,46,44,48
deit_tiny,0.5,OBC-block256,59.72,82.72,0.09000000000000341,0.29296875,True,True,0.46875,0.5260416666666666,,,,,,,,48
deit_tiny,0.5,SparseGPT-adapted,59.39,82.35,0.4200000000000017,0.48828125,True,True,0.28125,0.2916666666666667,,,,,,,,48
deit_tiny,1.0,SQuaRE,57.31,80.63,2.5,1.85546875,False,False,0.4440104166666667,0.4709201388888889,56.640625,0.07899305555555555,58,4,2,0,48,48
deit_tiny,1.0,OBC-block256,59.33,82.57,0.480000000000004,0.87890625,True,True,0.34375,0.375,,,,,,,,48
deit_tiny,1.0,SparseGPT-adapted,59.39,82.35,0.4200000000000017,0.48828125,True,True,0.28125,0.2916666666666667,,,,,,,,48
swin_tiny,0.1,SQuaRE,67.75,87.52,1.8900000000000006,0.09765625,True,False,0.4921875,0.43554131054131057,11.328125,0.14344618055555555,13,1,1,15,41,48
swin_tiny,0.1,OBC-block256,69.56,89.06,0.0799999999999983,0.0,True,True,0.46875,0.5042735042735043,,,,,,,,48
swin_tiny,0.1,SparseGPT-adapted,69.7,88.91,-0.060000000000002274,-0.1953125,True,True,0.3802083333333333,0.38603988603988604,,,,,,,,48
swin_tiny,0.5,SQuaRE,65.78,86.51,3.8599999999999994,0.29296875,True,False,0.3603515625,0.24650551994301995,58.30078125,0.059339387464387466,62,5,2,41,45,48
swin_tiny,0.5,OBC-block256,69.69,88.96,-0.04999999999999716,0.29296875,True,True,0.3177083333333333,0.33048433048433046,,,,,,,,48
swin_tiny,0.5,SparseGPT-adapted,69.47,88.9,0.1700000000000017,0.48828125,True,True,0.2526041666666667,0.25284900284900286,,,,,,,,48
swin_tiny,1.0,SQuaRE,67.33,87.68,2.3100000000000023,0.68359375,True,False,0.5872395833333334,0.5868055555555556,71.6796875,0.05261752136752137,67,6,2,1,48,48
swin_tiny,1.0,OBC-block256,69.56,88.83,0.0799999999999983,0.87890625,True,True,0.2838541666666667,0.3282140313390313,,,,,,,,48
swin_tiny,1.0,SparseGPT-adapted,69.47,88.9,0.1700000000000017,0.48828125,True,True,0.2526041666666667,0.25284900284900286,,,,,,,,48
resnet18,0.1,SQuaRE,54.14,76.89,5.240000000000002,-0.390625,True,False,0.1924342105263158,0.14519089574155652,-1.171875,0.5817731277533039,0,0,0,21,16,19
resnet18,0.1,OBC-block256,56.77,79.32,2.6099999999999994,-1.171875,True,False,0.15172697368421054,0.16113998256240822,,,,,,,,19
resnet18,0.1,SparseGPT-adapted,58.0,79.97,1.3800000000000026,-0.390625,True,False,0.19901315789473684,0.19992428414096916,,,,,,,,19
resnet18,0.5,SQuaRE,53.63,76.64,5.75,-0.78125,True,False,0.18133223684210525,0.14874724669603523,0.0,0.1688463656387665,0,0,0,3,3,19
resnet18,0.5,OBC-block256,56.77,79.32,2.6099999999999994,-1.171875,True,False,0.15172697368421054,0.16113998256240822,,,,,,,,19
resnet18,0.5,SparseGPT-adapted,58.0,79.97,1.3800000000000026,-0.390625,True,False,0.19901315789473684,0.19992428414096916,,,,,,,,19
resnet18,1.0,SQuaRE,52.28,75.67,7.100000000000001,0.0,True,False,0.18955592105263158,0.15216593245227605,12.5,0.12165014684287812,3,0,1,11,11,19
resnet18,1.0,OBC-block256,56.77,79.32,2.6099999999999994,-1.171875,True,False,0.15172697368421054,0.16113998256240822,,,,,,,,19
resnet18,1.0,SparseGPT-adapted,58.0,79.97,1.3800000000000026,-0.390625,True,False,0.19901315789473684,0.19992428414096916,,,,,,,,19
