model,budget_pp,method,layer,configuration,weight_bits,activation_bits,sparsity,normalized_energy_proxy,weight_count,retained_fraction
deit_tiny,0.1,SQuaRE,blocks.0.attn.qkv,INT8__dense,8,8,dense,0.25,110592,1
deit_tiny,0.1,SQuaRE,blocks.0.attn.proj,INT8__dense,8,8,dense,0.25,36864,1
deit_tiny,0.1,SQuaRE,blocks.0.mlp.fc1,INT8__dense,8,8,dense,0.25,147456,1
deit_tiny,0.1,SQuaRE,blocks.0.mlp.fc2,FP32__dense,32,32,dense,1.0,147456,1
deit_tiny,0.1,SQuaRE,blocks.1.attn.qkv,INT6__dense,6,6,dense,0.1875,110592,1
deit_tiny,0.1,SQuaRE,blocks.1.attn.proj,INT6__dense,6,6,dense,0.1875,36864,1
deit_tiny,0.1,SQuaRE,blocks.1.mlp.fc1,INT8__dense,8,8,dense,0.25,147456,1
deit_tiny,0.1,SQuaRE,blocks.1.mlp.fc2,FP32__dense,32,32,dense,1.0,147456,1
deit_tiny,0.1,SQuaRE,blocks.2.attn.qkv,INT6__dense,6,6,dense,0.1875,110592,1
deit_tiny,0.1,SQuaRE,blocks.2.attn.proj,INT6__dense,6,6,dense,0.1875,36864,1
deit_tiny,0.1,SQuaRE,blocks.2.mlp.fc1,INT6__dense,6,6,dense,0.1875,147456,1
deit_tiny,0.1,SQuaRE,blocks.2.mlp.fc2,INT8__dense,8,8,dense,0.25,147456,1
deit_tiny,0.1,SQuaRE,blocks.3.attn.qkv,INT6__dense,6,6,dense,0.1875,110592,1
deit_tiny,0.1,SQuaRE,blocks.3.attn.proj,FP32__dense,32,32,dense,1.0,36864,1
deit_tiny,0.1,SQuaRE,blocks.3.mlp.fc1,INT8__dense,8,8,dense,0.25,147456,1
deit_tiny,0.1,SQuaRE,blocks.3.mlp.fc2,INT8__dense,8,8,dense,0.25,147456,1
deit_tiny,0.1,SQuaRE,blocks.4.attn.qkv,INT6__dense,6,6,dense,0.1875,110592,1
deit_tiny,0.1,SQuaRE,blocks.4.attn.proj,INT6__dense,6,6,dense,0.1875,36864,1
deit_tiny,0.1,SQuaRE,blocks.4.mlp.fc1,INT8__dense,8,8,dense,0.25,147456,1
deit_tiny,0.1,SQuaRE,blocks.4.mlp.fc2,INT8__dense,8,8,dense,0.25,147456,1
deit_tiny,0.1,SQuaRE,blocks.5.attn.qkv,INT6__dense,6,6,dense,0.1875,110592,1
deit_tiny,0.1,SQuaRE,blocks.5.attn.proj,INT6__dense,6,6,dense,0.1875,36864,1
deit_tiny,0.1,SQuaRE,blocks.5.mlp.fc1,INT6__dense,6,6,dense,0.1875,147456,1
deit_tiny,0.1,SQuaRE,blocks.5.mlp.fc2,INT8__4to8,8,8,4to8,0.125,147456,0.5
deit_tiny,0.1,SQuaRE,blocks.6.attn.qkv,INT6__dense,6,6,dense,0.1875,110592,1
deit_tiny,0.1,SQuaRE,blocks.6.attn.proj,INT6__dense,6,6,dense,0.1875,36864,1
deit_tiny,0.1,SQuaRE,blocks.6.mlp.fc1,INT6__dense,6,6,dense,0.1875,147456,1
deit_tiny,0.1,SQuaRE,blocks.6.mlp.fc2,INT8__dense,8,8,dense,0.25,147456,1
deit_tiny,0.1,SQuaRE,blocks.7.attn.qkv,INT8__dense,8,8,dense,0.25,110592,1
deit_tiny,0.1,SQuaRE,blocks.7.attn.proj,INT6__dense,6,6,dense,0.1875,36864,1
deit_tiny,0.1,SQuaRE,blocks.7.mlp.fc1,FP32__dense,32,32,dense,1.0,147456,1
deit_tiny,0.1,SQuaRE,blocks.7.mlp.fc2,INT8__dense,8,8,dense,0.25,147456,1
deit_tiny,0.1,SQuaRE,blocks.8.attn.qkv,INT6__dense,6,6,dense,0.1875,110592,1
deit_tiny,0.1,SQuaRE,blocks.8.attn.proj,INT6__dense,6,6,dense,0.1875,36864,1
deit_tiny,0.1,SQuaRE,blocks.8.mlp.fc1,INT6__dense,6,6,dense,0.1875,147456,1
deit_tiny,0.1,SQuaRE,blocks.8.mlp.fc2,INT8__2to4,8,8,2to4,0.125,147456,0.5
deit_tiny,0.1,SQuaRE,blocks.9.attn.qkv,INT6__dense,6,6,dense,0.1875,110592,1
deit_tiny,0.1,SQuaRE,blocks.9.attn.proj,INT8__dense,8,8,dense,0.25,36864,1
deit_tiny,0.1,SQuaRE,blocks.9.mlp.fc1,INT8__dense,8,8,dense,0.25,147456,1
deit_tiny,0.1,SQuaRE,blocks.9.mlp.fc2,FP32__dense,32,32,dense,1.0,147456,1
deit_tiny,0.1,SQuaRE,blocks.10.attn.qkv,INT6__dense,6,6,dense,0.1875,110592,1
deit_tiny,0.1,SQuaRE,blocks.10.attn.proj,INT6__4to8,6,6,4to8,0.09375,36864,0.5
deit_tiny,0.1,SQuaRE,blocks.10.mlp.fc1,INT6__2to4,6,6,2to4,0.09375,147456,0.5
deit_tiny,0.1,SQuaRE,blocks.10.mlp.fc2,INT8__2to4,8,8,2to4,0.125,147456,0.5
deit_tiny,0.1,SQuaRE,blocks.11.attn.qkv,INT6__dense,6,6,dense,0.1875,110592,1
deit_tiny,0.1,SQuaRE,blocks.11.attn.proj,INT6__dense,6,6,dense,0.1875,36864,1
deit_tiny,0.1,SQuaRE,blocks.11.mlp.fc1,INT6__dense,6,6,dense,0.1875,147456,1
deit_tiny,0.1,SQuaRE,blocks.11.mlp.fc2,INT4__4to8,4,4,4to8,0.0625,147456,0.5
deit_tiny,0.1,OBC-block256,blocks.0.attn.qkv,FP32__dense,32,32,dense,1.0,110592,1
deit_tiny,0.1,OBC-block256,blocks.0.attn.proj,FP32__dense,32,32,dense,1.0,36864,1
deit_tiny,0.1,OBC-block256,blocks.0.mlp.fc1,FP32__dense,32,32,dense,1.0,147456,1
deit_tiny,0.1,OBC-block256,blocks.0.mlp.fc2,FP32__dense,32,32,dense,1.0,147456,1
deit_tiny,0.1,OBC-block256,blocks.1.attn.qkv,INT8__dense,8,8,dense,0.25,110592,1
deit_tiny,0.1,OBC-block256,blocks.1.attn.proj,FP32__dense,32,32,dense,1.0,36864,1
deit_tiny,0.1,OBC-block256,blocks.1.mlp.fc1,INT8__dense,8,8,dense,0.25,147456,1
deit_tiny,0.1,OBC-block256,blocks.1.mlp.fc2,FP32__dense,32,32,dense,1.0,147456,1
deit_tiny,0.1,OBC-block256,blocks.2.attn.qkv,INT8__dense,8,8,dense,0.25,110592,1
deit_tiny,0.1,OBC-block256,blocks.2.attn.proj,INT8__dense,8,8,dense,0.25,36864,1
deit_tiny,0.1,OBC-block256,blocks.2.mlp.fc1,INT8__dense,8,8,dense,0.25,147456,1
deit_tiny,0.1,OBC-block256,blocks.2.mlp.fc2,FP32__dense,32,32,dense,1.0,147456,1
deit_tiny,0.1,OBC-block256,blocks.3.attn.qkv,INT8__dense,8,8,dense,0.25,110592,1
deit_tiny,0.1,OBC-block256,blocks.3.attn.proj,INT8__dense,8,8,dense,0.25,36864,1
deit_tiny,0.1,OBC-block256,blocks.3.mlp.fc1,INT8__dense,8,8,dense,0.25,147456,1
deit_tiny,0.1,OBC-block256,blocks.3.mlp.fc2,FP32__dense,32,32,dense,1.0,147456,1
deit_tiny,0.1,OBC-block256,blocks.4.attn.qkv,INT8__dense,8,8,dense,0.25,110592,1
deit_tiny,0.1,OBC-block256,blocks.4.attn.proj,INT8__dense,8,8,dense,0.25,36864,1
deit_tiny,0.1,OBC-block256,blocks.4.mlp.fc1,INT8__dense,8,8,dense,0.25,147456,1
deit_tiny,0.1,OBC-block256,blocks.4.mlp.fc2,FP32__dense,32,32,dense,1.0,147456,1
deit_tiny,0.1,OBC-block256,blocks.5.attn.qkv,INT8__dense,8,8,dense,0.25,110592,1
deit_tiny,0.1,OBC-block256,blocks.5.attn.proj,INT8__dense,8,8,dense,0.25,36864,1
deit_tiny,0.1,OBC-block256,blocks.5.mlp.fc1,INT8__dense,8,8,dense,0.25,147456,1
deit_tiny,0.1,OBC-block256,blocks.5.mlp.fc2,FP32__dense,32,32,dense,1.0,147456,1
deit_tiny,0.1,OBC-block256,blocks.6.attn.qkv,INT8__dense,8,8,dense,0.25,110592,1
deit_tiny,0.1,OBC-block256,blocks.6.attn.proj,INT8__dense,8,8,dense,0.25,36864,1
deit_tiny,0.1,OBC-block256,blocks.6.mlp.fc1,INT8__dense,8,8,dense,0.25,147456,1
deit_tiny,0.1,OBC-block256,blocks.6.mlp.fc2,FP32__dense,32,32,dense,1.0,147456,1
deit_tiny,0.1,OBC-block256,blocks.7.attn.qkv,INT8__dense,8,8,dense,0.25,110592,1
deit_tiny,0.1,OBC-block256,blocks.7.attn.proj,INT8__dense,8,8,dense,0.25,36864,1
deit_tiny,0.1,OBC-block256,blocks.7.mlp.fc1,INT8__dense,8,8,dense,0.25,147456,1
deit_tiny,0.1,OBC-block256,blocks.7.mlp.fc2,FP32__dense,32,32,dense,1.0,147456,1
deit_tiny,0.1,OBC-block256,blocks.8.attn.qkv,INT8__dense,8,8,dense,0.25,110592,1
deit_tiny,0.1,OBC-block256,blocks.8.attn.proj,INT8__dense,8,8,dense,0.25,36864,1
deit_tiny,0.1,OBC-block256,blocks.8.mlp.fc1,INT8__dense,8,8,dense,0.25,147456,1
deit_tiny,0.1,OBC-block256,blocks.8.mlp.fc2,FP32__dense,32,32,dense,1.0,147456,1
deit_tiny,0.1,OBC-block256,blocks.9.attn.qkv,INT8__dense,8,8,dense,0.25,110592,1
deit_tiny,0.1,OBC-block256,blocks.9.attn.proj,INT8__dense,8,8,dense,0.25,36864,1
deit_tiny,0.1,OBC-block256,blocks.9.mlp.fc1,INT8__dense,8,8,dense,0.25,147456,1
deit_tiny,0.1,OBC-block256,blocks.9.mlp.fc2,FP32__dense,32,32,dense,1.0,147456,1
deit_tiny,0.1,OBC-block256,blocks.10.attn.qkv,INT8__dense,8,8,dense,0.25,110592,1
deit_tiny,0.1,OBC-block256,blocks.10.attn.proj,INT8__dense,8,8,dense,0.25,36864,1
deit_tiny,0.1,OBC-block256,blocks.10.mlp.fc1,INT8__dense,8,8,dense,0.25,147456,1
deit_tiny,0.1,OBC-block256,blocks.10.mlp.fc2,FP32__dense,32,32,dense,1.0,147456,1
deit_tiny,0.1,OBC-block256,blocks.11.attn.qkv,INT8__dense,8,8,dense,0.25,110592,1
deit_tiny,0.1,OBC-block256,blocks.11.attn.proj,INT8__dense,8,8,dense,0.25,36864,1
deit_tiny,0.1,OBC-block256,blocks.11.mlp.fc1,INT8__dense,8,8,dense,0.25,147456,1
deit_tiny,0.1,OBC-block256,blocks.11.mlp.fc2,FP32__dense,32,32,dense,1.0,147456,1
deit_tiny,0.1,SparseGPT-adapted,blocks.0.attn.qkv,INT8__dense,8,8,dense,0.25,110592,1
deit_tiny,0.1,SparseGPT-adapted,blocks.0.attn.proj,FP32__dense,32,32,dense,1.0,36864,1
deit_tiny,0.1,SparseGPT-adapted,blocks.0.mlp.fc1,FP32__dense,32,32,dense,1.0,147456,1
deit_tiny,0.1,SparseGPT-adapted,blocks.0.mlp.fc2,FP32__dense,32,32,dense,1.0,147456,1
deit_tiny,0.1,SparseGPT-adapted,blocks.1.attn.qkv,INT8__dense,8,8,dense,0.25,110592,1
deit_tiny,0.1,SparseGPT-adapted,blocks.1.attn.proj,INT8__dense,8,8,dense,0.25,36864,1
deit_tiny,0.1,SparseGPT-adapted,blocks.1.mlp.fc1,INT8__dense,8,8,dense,0.25,147456,1
deit_tiny,0.1,SparseGPT-adapted,blocks.1.mlp.fc2,FP32__dense,32,32,dense,1.0,147456,1
deit_tiny,0.1,SparseGPT-adapted,blocks.2.attn.qkv,INT8__dense,8,8,dense,0.25,110592,1
deit_tiny,0.1,SparseGPT-adapted,blocks.2.attn.proj,INT8__dense,8,8,dense,0.25,36864,1
deit_tiny,0.1,SparseGPT-adapted,blocks.2.mlp.fc1,INT8__dense,8,8,dense,0.25,147456,1
deit_tiny,0.1,SparseGPT-adapted,blocks.2.mlp.fc2,FP32__dense,32,32,dense,1.0,147456,1
deit_tiny,0.1,SparseGPT-adapted,blocks.3.attn.qkv,INT8__dense,8,8,dense,0.25,110592,1
deit_tiny,0.1,SparseGPT-adapted,blocks.3.attn.proj,INT8__dense,8,8,dense,0.25,36864,1
deit_tiny,0.1,SparseGPT-adapted,blocks.3.mlp.fc1,INT8__dense,8,8,dense,0.25,147456,1
deit_tiny,0.1,SparseGPT-adapted,blocks.3.mlp.fc2,FP32__dense,32,32,dense,1.0,147456,1
deit_tiny,0.1,SparseGPT-adapted,blocks.4.attn.qkv,INT8__dense,8,8,dense,0.25,110592,1
deit_tiny,0.1,SparseGPT-adapted,blocks.4.attn.proj,INT8__dense,8,8,dense,0.25,36864,1
deit_tiny,0.1,SparseGPT-adapted,blocks.4.mlp.fc1,INT8__dense,8,8,dense,0.25,147456,1
deit_tiny,0.1,SparseGPT-adapted,blocks.4.mlp.fc2,FP32__dense,32,32,dense,1.0,147456,1
deit_tiny,0.1,SparseGPT-adapted,blocks.5.attn.qkv,INT8__dense,8,8,dense,0.25,110592,1
deit_tiny,0.1,SparseGPT-adapted,blocks.5.attn.proj,INT8__dense,8,8,dense,0.25,36864,1
deit_tiny,0.1,SparseGPT-adapted,blocks.5.mlp.fc1,INT8__dense,8,8,dense,0.25,147456,1
deit_tiny,0.1,SparseGPT-adapted,blocks.5.mlp.fc2,FP32__dense,32,32,dense,1.0,147456,1
deit_tiny,0.1,SparseGPT-adapted,blocks.6.attn.qkv,INT8__dense,8,8,dense,0.25,110592,1
deit_tiny,0.1,SparseGPT-adapted,blocks.6.attn.proj,INT8__dense,8,8,dense,0.25,36864,1
deit_tiny,0.1,SparseGPT-adapted,blocks.6.mlp.fc1,INT8__dense,8,8,dense,0.25,147456,1
deit_tiny,0.1,SparseGPT-adapted,blocks.6.mlp.fc2,FP32__dense,32,32,dense,1.0,147456,1
deit_tiny,0.1,SparseGPT-adapted,blocks.7.attn.qkv,INT8__dense,8,8,dense,0.25,110592,1
deit_tiny,0.1,SparseGPT-adapted,blocks.7.attn.proj,INT8__dense,8,8,dense,0.25,36864,1
deit_tiny,0.1,SparseGPT-adapted,blocks.7.mlp.fc1,INT8__dense,8,8,dense,0.25,147456,1
deit_tiny,0.1,SparseGPT-adapted,blocks.7.mlp.fc2,FP32__dense,32,32,dense,1.0,147456,1
deit_tiny,0.1,SparseGPT-adapted,blocks.8.attn.qkv,INT8__dense,8,8,dense,0.25,110592,1
deit_tiny,0.1,SparseGPT-adapted,blocks.8.attn.proj,INT8__dense,8,8,dense,0.25,36864,1
deit_tiny,0.1,SparseGPT-adapted,blocks.8.mlp.fc1,INT8__dense,8,8,dense,0.25,147456,1
deit_tiny,0.1,SparseGPT-adapted,blocks.8.mlp.fc2,FP32__dense,32,32,dense,1.0,147456,1
deit_tiny,0.1,SparseGPT-adapted,blocks.9.attn.qkv,INT8__dense,8,8,dense,0.25,110592,1
deit_tiny,0.1,SparseGPT-adapted,blocks.9.attn.proj,INT8__dense,8,8,dense,0.25,36864,1
deit_tiny,0.1,SparseGPT-adapted,blocks.9.mlp.fc1,INT8__dense,8,8,dense,0.25,147456,1
deit_tiny,0.1,SparseGPT-adapted,blocks.9.mlp.fc2,FP32__dense,32,32,dense,1.0,147456,1
deit_tiny,0.1,SparseGPT-adapted,blocks.10.attn.qkv,INT8__dense,8,8,dense,0.25,110592,1
deit_tiny,0.1,SparseGPT-adapted,blocks.10.attn.proj,INT8__dense,8,8,dense,0.25,36864,1
deit_tiny,0.1,SparseGPT-adapted,blocks.10.mlp.fc1,INT8__dense,8,8,dense,0.25,147456,1
deit_tiny,0.1,SparseGPT-adapted,blocks.10.mlp.fc2,FP32__dense,32,32,dense,1.0,147456,1
deit_tiny,0.1,SparseGPT-adapted,blocks.11.attn.qkv,INT8__dense,8,8,dense,0.25,110592,1
deit_tiny,0.1,SparseGPT-adapted,blocks.11.attn.proj,INT8__dense,8,8,dense,0.25,36864,1
deit_tiny,0.1,SparseGPT-adapted,blocks.11.mlp.fc1,INT8__dense,8,8,dense,0.25,147456,1
deit_tiny,0.1,SparseGPT-adapted,blocks.11.mlp.fc2,FP32__dense,32,32,dense,1.0,147456,1
deit_tiny,0.5,SQuaRE,blocks.0.attn.qkv,FP32__dense,32,32,dense,1.0,110592,1
deit_tiny,0.5,SQuaRE,blocks.0.attn.proj,FP32__dense,32,32,dense,1.0,36864,1
deit_tiny,0.5,SQuaRE,blocks.0.mlp.fc1,FP32__dense,32,32,dense,1.0,147456,1
deit_tiny,0.5,SQuaRE,blocks.0.mlp.fc2,FP32__dense,32,32,dense,1.0,147456,1
deit_tiny,0.5,SQuaRE,blocks.1.attn.qkv,INT6__dense,6,6,dense,0.1875,110592,1
deit_tiny,0.5,SQuaRE,blocks.1.attn.proj,FP32__dense,32,32,dense,1.0,36864,1
deit_tiny,0.5,SQuaRE,blocks.1.mlp.fc1,FP32__dense,32,32,dense,1.0,147456,1
deit_tiny,0.5,SQuaRE,blocks.1.mlp.fc2,FP32__dense,32,32,dense,1.0,147456,1
deit_tiny,0.5,SQuaRE,blocks.2.attn.qkv,INT6__dense,6,6,dense,0.1875,110592,1
deit_tiny,0.5,SQuaRE,blocks.2.attn.proj,FP32__dense,32,32,dense,1.0,36864,1
deit_tiny,0.5,SQuaRE,blocks.2.mlp.fc1,INT6__dense,6,6,dense,0.1875,147456,1
deit_tiny,0.5,SQuaRE,blocks.2.mlp.fc2,INT8__dense,8,8,dense,0.25,147456,1
deit_tiny,0.5,SQuaRE,blocks.3.attn.qkv,FP32__dense,32,32,dense,1.0,110592,1
deit_tiny,0.5,SQuaRE,blocks.3.attn.proj,FP32__dense,32,32,dense,1.0,36864,1
deit_tiny,0.5,SQuaRE,blocks.3.mlp.fc1,INT8__dense,8,8,dense,0.25,147456,1
deit_tiny,0.5,SQuaRE,blocks.3.mlp.fc2,FP32__dense,32,32,dense,1.0,147456,1
deit_tiny,0.5,SQuaRE,blocks.4.attn.qkv,FP32__dense,32,32,dense,1.0,110592,1
deit_tiny,0.5,SQuaRE,blocks.4.attn.proj,INT6__dense,6,6,dense,0.1875,36864,1
deit_tiny,0.5,SQuaRE,blocks.4.mlp.fc1,INT8__dense,8,8,dense,0.25,147456,1
deit_tiny,0.5,SQuaRE,blocks.4.mlp.fc2,INT8__dense,8,8,dense,0.25,147456,1
deit_tiny,0.5,SQuaRE,blocks.5.attn.qkv,INT6__dense,6,6,dense,0.1875,110592,1
deit_tiny,0.5,SQuaRE,blocks.5.attn.proj,FP32__dense,32,32,dense,1.0,36864,1
deit_tiny,0.5,SQuaRE,blocks.5.mlp.fc1,FP32__dense,32,32,dense,1.0,147456,1
deit_tiny,0.5,SQuaRE,blocks.5.mlp.fc2,INT8__dense,8,8,dense,0.25,147456,1
deit_tiny,0.5,SQuaRE,blocks.6.attn.qkv,INT6__dense,6,6,dense,0.1875,110592,1
deit_tiny,0.5,SQuaRE,blocks.6.attn.proj,INT6__dense,6,6,dense,0.1875,36864,1
deit_tiny,0.5,SQuaRE,blocks.6.mlp.fc1,FP32__dense,32,32,dense,1.0,147456,1
deit_tiny,0.5,SQuaRE,blocks.6.mlp.fc2,INT8__dense,8,8,dense,0.25,147456,1
deit_tiny,0.5,SQuaRE,blocks.7.attn.qkv,INT8__dense,8,8,dense,0.25,110592,1
deit_tiny,0.5,SQuaRE,blocks.7.attn.proj,INT4__dense,4,4,dense,0.125,36864,1
deit_tiny,0.5,SQuaRE,blocks.7.mlp.fc1,INT8__dense,8,8,dense,0.25,147456,1
deit_tiny,0.5,SQuaRE,blocks.7.mlp.fc2,INT8__dense,8,8,dense,0.25,147456,1
deit_tiny,0.5,SQuaRE,blocks.8.attn.qkv,INT4__dense,4,4,dense,0.125,110592,1
deit_tiny,0.5,SQuaRE,blocks.8.attn.proj,INT6__dense,6,6,dense,0.1875,36864,1
deit_tiny,0.5,SQuaRE,blocks.8.mlp.fc1,INT6__dense,6,6,dense,0.1875,147456,1
deit_tiny,0.5,SQuaRE,blocks.8.mlp.fc2,INT8__dense,8,8,dense,0.25,147456,1
deit_tiny,0.5,SQuaRE,blocks.9.attn.qkv,INT8__dense,8,8,dense,0.25,110592,1
deit_tiny,0.5,SQuaRE,blocks.9.attn.proj,INT8__dense,8,8,dense,0.25,36864,1
deit_tiny,0.5,SQuaRE,blocks.9.mlp.fc1,INT8__4to8,8,8,4to8,0.125,147456,0.5
deit_tiny,0.5,SQuaRE,blocks.9.mlp.fc2,INT8__2to4,8,8,2to4,0.125,147456,0.5
deit_tiny,0.5,SQuaRE,blocks.10.attn.qkv,INT6__dense,6,6,dense,0.1875,110592,1
deit_tiny,0.5,SQuaRE,blocks.10.attn.proj,INT6__4to8,6,6,4to8,0.09375,36864,0.5
deit_tiny,0.5,SQuaRE,blocks.10.mlp.fc1,INT6__2to4,6,6,2to4,0.09375,147456,0.5
deit_tiny,0.5,SQuaRE,blocks.10.mlp.fc2,INT8__dense,8,8,dense,0.25,147456,1
deit_tiny,0.5,SQuaRE,blocks.11.attn.qkv,INT6__dense,6,6,dense,0.1875,110592,1
deit_tiny,0.5,SQuaRE,blocks.11.attn.proj,INT4__3to8,4,4,3to8,0.046875,36864,0.375
deit_tiny,0.5,SQuaRE,blocks.11.mlp.fc1,INT4__dense,4,4,dense,0.125,147456,1
deit_tiny,0.5,SQuaRE,blocks.11.mlp.fc2,INT4__4to8,4,4,4to8,0.0625,147456,0.5
deit_tiny,0.5,OBC-block256,blocks.0.attn.qkv,INT8__dense,8,8,dense,0.25,110592,1
deit_tiny,0.5,OBC-block256,blocks.0.attn.proj,FP32__dense,32,32,dense,1.0,36864,1
deit_tiny,0.5,OBC-block256,blocks.0.mlp.fc1,FP32__dense,32,32,dense,1.0,147456,1
deit_tiny,0.5,OBC-block256,blocks.0.mlp.fc2,FP32__dense,32,32,dense,1.0,147456,1
deit_tiny,0.5,OBC-block256,blocks.1.attn.qkv,INT8__dense,8,8,dense,0.25,110592,1
deit_tiny,0.5,OBC-block256,blocks.1.attn.proj,INT8__dense,8,8,dense,0.25,36864,1
deit_tiny,0.5,OBC-block256,blocks.1.mlp.fc1,INT8__dense,8,8,dense,0.25,147456,1
deit_tiny,0.5,OBC-block256,blocks.1.mlp.fc2,FP32__dense,32,32,dense,1.0,147456,1
deit_tiny,0.5,OBC-block256,blocks.2.attn.qkv,INT8__dense,8,8,dense,0.25,110592,1
deit_tiny,0.5,OBC-block256,blocks.2.attn.proj,INT8__dense,8,8,dense,0.25,36864,1
deit_tiny,0.5,OBC-block256,blocks.2.mlp.fc1,INT8__dense,8,8,dense,0.25,147456,1
deit_tiny,0.5,OBC-block256,blocks.2.mlp.fc2,FP32__dense,32,32,dense,1.0,147456,1
deit_tiny,0.5,OBC-block256,blocks.3.attn.qkv,INT8__dense,8,8,dense,0.25,110592,1
deit_tiny,0.5,OBC-block256,blocks.3.attn.proj,INT8__dense,8,8,dense,0.25,36864,1
deit_tiny,0.5,OBC-block256,blocks.3.mlp.fc1,INT8__dense,8,8,dense,0.25,147456,1
deit_tiny,0.5,OBC-block256,blocks.3.mlp.fc2,FP32__dense,32,32,dense,1.0,147456,1
deit_tiny,0.5,OBC-block256,blocks.4.attn.qkv,INT8__dense,8,8,dense,0.25,110592,1
deit_tiny,0.5,OBC-block256,blocks.4.attn.proj,INT8__dense,8,8,dense,0.25,36864,1
deit_tiny,0.5,OBC-block256,blocks.4.mlp.fc1,INT8__dense,8,8,dense,0.25,147456,1
deit_tiny,0.5,OBC-block256,blocks.4.mlp.fc2,FP32__dense,32,32,dense,1.0,147456,1
deit_tiny,0.5,OBC-block256,blocks.5.attn.qkv,INT8__dense,8,8,dense,0.25,110592,1
deit_tiny,0.5,OBC-block256,blocks.5.attn.proj,INT8__dense,8,8,dense,0.25,36864,1
deit_tiny,0.5,OBC-block256,blocks.5.mlp.fc1,INT8__dense,8,8,dense,0.25,147456,1
deit_tiny,0.5,OBC-block256,blocks.5.mlp.fc2,FP32__dense,32,32,dense,1.0,147456,1
deit_tiny,0.5,OBC-block256,blocks.6.attn.qkv,INT8__dense,8,8,dense,0.25,110592,1
deit_tiny,0.5,OBC-block256,blocks.6.attn.proj,INT8__dense,8,8,dense,0.25,36864,1
deit_tiny,0.5,OBC-block256,blocks.6.mlp.fc1,INT8__dense,8,8,dense,0.25,147456,1
deit_tiny,0.5,OBC-block256,blocks.6.mlp.fc2,FP32__dense,32,32,dense,1.0,147456,1
deit_tiny,0.5,OBC-block256,blocks.7.attn.qkv,INT8__dense,8,8,dense,0.25,110592,1
deit_tiny,0.5,OBC-block256,blocks.7.attn.proj,INT8__dense,8,8,dense,0.25,36864,1
deit_tiny,0.5,OBC-block256,blocks.7.mlp.fc1,INT8__dense,8,8,dense,0.25,147456,1
deit_tiny,0.5,OBC-block256,blocks.7.mlp.fc2,FP32__dense,32,32,dense,1.0,147456,1
deit_tiny,0.5,OBC-block256,blocks.8.attn.qkv,INT8__dense,8,8,dense,0.25,110592,1
deit_tiny,0.5,OBC-block256,blocks.8.attn.proj,INT8__dense,8,8,dense,0.25,36864,1
deit_tiny,0.5,OBC-block256,blocks.8.mlp.fc1,INT8__dense,8,8,dense,0.25,147456,1
deit_tiny,0.5,OBC-block256,blocks.8.mlp.fc2,FP32__dense,32,32,dense,1.0,147456,1
deit_tiny,0.5,OBC-block256,blocks.9.attn.qkv,INT8__dense,8,8,dense,0.25,110592,1
deit_tiny,0.5,OBC-block256,blocks.9.attn.proj,INT8__dense,8,8,dense,0.25,36864,1
deit_tiny,0.5,OBC-block256,blocks.9.mlp.fc1,INT8__dense,8,8,dense,0.25,147456,1
deit_tiny,0.5,OBC-block256,blocks.9.mlp.fc2,FP32__dense,32,32,dense,1.0,147456,1
deit_tiny,0.5,OBC-block256,blocks.10.attn.qkv,INT8__dense,8,8,dense,0.25,110592,1
deit_tiny,0.5,OBC-block256,blocks.10.attn.proj,INT8__dense,8,8,dense,0.25,36864,1
deit_tiny,0.5,OBC-block256,blocks.10.mlp.fc1,INT8__dense,8,8,dense,0.25,147456,1
deit_tiny,0.5,OBC-block256,blocks.10.mlp.fc2,FP32__dense,32,32,dense,1.0,147456,1
deit_tiny,0.5,OBC-block256,blocks.11.attn.qkv,INT8__dense,8,8,dense,0.25,110592,1
deit_tiny,0.5,OBC-block256,blocks.11.attn.proj,INT8__dense,8,8,dense,0.25,36864,1
deit_tiny,0.5,OBC-block256,blocks.11.mlp.fc1,INT8__dense,8,8,dense,0.25,147456,1
deit_tiny,0.5,OBC-block256,blocks.11.mlp.fc2,FP32__dense,32,32,dense,1.0,147456,1
deit_tiny,0.5,SparseGPT-adapted,blocks.0.attn.qkv,INT8__dense,8,8,dense,0.25,110592,1
deit_tiny,0.5,SparseGPT-adapted,blocks.0.attn.proj,INT8__dense,8,8,dense,0.25,36864,1
deit_tiny,0.5,SparseGPT-adapted,blocks.0.mlp.fc1,INT8__dense,8,8,dense,0.25,147456,1
deit_tiny,0.5,SparseGPT-adapted,blocks.0.mlp.fc2,INT8__dense,8,8,dense,0.25,147456,1
deit_tiny,0.5,SparseGPT-adapted,blocks.1.attn.qkv,INT8__dense,8,8,dense,0.25,110592,1
deit_tiny,0.5,SparseGPT-adapted,blocks.1.attn.proj,INT8__dense,8,8,dense,0.25,36864,1
deit_tiny,0.5,SparseGPT-adapted,blocks.1.mlp.fc1,INT8__dense,8,8,dense,0.25,147456,1
deit_tiny,0.5,SparseGPT-adapted,blocks.1.mlp.fc2,INT8__dense,8,8,dense,0.25,147456,1
deit_tiny,0.5,SparseGPT-adapted,blocks.2.attn.qkv,INT8__dense,8,8,dense,0.25,110592,1
deit_tiny,0.5,SparseGPT-adapted,blocks.2.attn.proj,INT8__dense,8,8,dense,0.25,36864,1
deit_tiny,0.5,SparseGPT-adapted,blocks.2.mlp.fc1,INT8__dense,8,8,dense,0.25,147456,1
deit_tiny,0.5,SparseGPT-adapted,blocks.2.mlp.fc2,INT8__dense,8,8,dense,0.25,147456,1
deit_tiny,0.5,SparseGPT-adapted,blocks.3.attn.qkv,INT8__dense,8,8,dense,0.25,110592,1
deit_tiny,0.5,SparseGPT-adapted,blocks.3.attn.proj,INT8__dense,8,8,dense,0.25,36864,1
deit_tiny,0.5,SparseGPT-adapted,blocks.3.mlp.fc1,INT8__dense,8,8,dense,0.25,147456,1
deit_tiny,0.5,SparseGPT-adapted,blocks.3.mlp.fc2,INT8__dense,8,8,dense,0.25,147456,1
deit_tiny,0.5,SparseGPT-adapted,blocks.4.attn.qkv,INT8__dense,8,8,dense,0.25,110592,1
deit_tiny,0.5,SparseGPT-adapted,blocks.4.attn.proj,INT8__dense,8,8,dense,0.25,36864,1
deit_tiny,0.5,SparseGPT-adapted,blocks.4.mlp.fc1,INT8__dense,8,8,dense,0.25,147456,1
deit_tiny,0.5,SparseGPT-adapted,blocks.4.mlp.fc2,INT8__dense,8,8,dense,0.25,147456,1
deit_tiny,0.5,SparseGPT-adapted,blocks.5.attn.qkv,INT8__dense,8,8,dense,0.25,110592,1
deit_tiny,0.5,SparseGPT-adapted,blocks.5.attn.proj,INT8__dense,8,8,dense,0.25,36864,1
deit_tiny,0.5,SparseGPT-adapted,blocks.5.mlp.fc1,INT8__dense,8,8,dense,0.25,147456,1
deit_tiny,0.5,SparseGPT-adapted,blocks.5.mlp.fc2,FP32__dense,32,32,dense,1.0,147456,1
deit_tiny,0.5,SparseGPT-adapted,blocks.6.attn.qkv,INT8__dense,8,8,dense,0.25,110592,1
deit_tiny,0.5,SparseGPT-adapted,blocks.6.attn.proj,INT8__dense,8,8,dense,0.25,36864,1
deit_tiny,0.5,SparseGPT-adapted,blocks.6.mlp.fc1,INT8__dense,8,8,dense,0.25,147456,1
deit_tiny,0.5,SparseGPT-adapted,blocks.6.mlp.fc2,INT8__dense,8,8,dense,0.25,147456,1
deit_tiny,0.5,SparseGPT-adapted,blocks.7.attn.qkv,INT8__dense,8,8,dense,0.25,110592,1
deit_tiny,0.5,SparseGPT-adapted,blocks.7.attn.proj,INT8__dense,8,8,dense,0.25,36864,1
deit_tiny,0.5,SparseGPT-adapted,blocks.7.mlp.fc1,INT8__dense,8,8,dense,0.25,147456,1
deit_tiny,0.5,SparseGPT-adapted,blocks.7.mlp.fc2,INT8__dense,8,8,dense,0.25,147456,1
deit_tiny,0.5,SparseGPT-adapted,blocks.8.attn.qkv,INT8__dense,8,8,dense,0.25,110592,1
deit_tiny,0.5,SparseGPT-adapted,blocks.8.attn.proj,INT8__dense,8,8,dense,0.25,36864,1
deit_tiny,0.5,SparseGPT-adapted,blocks.8.mlp.fc1,INT8__dense,8,8,dense,0.25,147456,1
deit_tiny,0.5,SparseGPT-adapted,blocks.8.mlp.fc2,INT8__dense,8,8,dense,0.25,147456,1
deit_tiny,0.5,SparseGPT-adapted,blocks.9.attn.qkv,INT8__dense,8,8,dense,0.25,110592,1
deit_tiny,0.5,SparseGPT-adapted,blocks.9.attn.proj,INT8__dense,8,8,dense,0.25,36864,1
deit_tiny,0.5,SparseGPT-adapted,blocks.9.mlp.fc1,INT8__dense,8,8,dense,0.25,147456,1
deit_tiny,0.5,SparseGPT-adapted,blocks.9.mlp.fc2,INT8__dense,8,8,dense,0.25,147456,1
deit_tiny,0.5,SparseGPT-adapted,blocks.10.attn.qkv,INT8__dense,8,8,dense,0.25,110592,1
deit_tiny,0.5,SparseGPT-adapted,blocks.10.attn.proj,INT8__dense,8,8,dense,0.25,36864,1
deit_tiny,0.5,SparseGPT-adapted,blocks.10.mlp.fc1,INT8__dense,8,8,dense,0.25,147456,1
deit_tiny,0.5,SparseGPT-adapted,blocks.10.mlp.fc2,FP32__dense,32,32,dense,1.0,147456,1
deit_tiny,0.5,SparseGPT-adapted,blocks.11.attn.qkv,INT8__dense,8,8,dense,0.25,110592,1
deit_tiny,0.5,SparseGPT-adapted,blocks.11.attn.proj,INT8__dense,8,8,dense,0.25,36864,1
deit_tiny,0.5,SparseGPT-adapted,blocks.11.mlp.fc1,INT8__dense,8,8,dense,0.25,147456,1
deit_tiny,0.5,SparseGPT-adapted,blocks.11.mlp.fc2,INT8__dense,8,8,dense,0.25,147456,1
deit_tiny,1.0,SQuaRE,blocks.0.attn.qkv,INT8__dense,8,8,dense,0.25,110592,1
deit_tiny,1.0,SQuaRE,blocks.0.attn.proj,INT8__dense,8,8,dense,0.25,36864,1
deit_tiny,1.0,SQuaRE,blocks.0.mlp.fc1,FP32__dense,32,32,dense,1.0,147456,1
deit_tiny,1.0,SQuaRE,blocks.0.mlp.fc2,FP32__dense,32,32,dense,1.0,147456,1
deit_tiny,1.0,SQuaRE,blocks.1.attn.qkv,INT6__dense,6,6,dense,0.1875,110592,1
deit_tiny,1.0,SQuaRE,blocks.1.attn.proj,INT6__dense,6,6,dense,0.1875,36864,1
deit_tiny,1.0,SQuaRE,blocks.1.mlp.fc1,INT6__dense,6,6,dense,0.1875,147456,1
deit_tiny,1.0,SQuaRE,blocks.1.mlp.fc2,FP32__dense,32,32,dense,1.0,147456,1
deit_tiny,1.0,SQuaRE,blocks.2.attn.qkv,INT6__dense,6,6,dense,0.1875,110592,1
deit_tiny,1.0,SQuaRE,blocks.2.attn.proj,INT6__dense,6,6,dense,0.1875,36864,1
deit_tiny,1.0,SQuaRE,blocks.2.mlp.fc1,INT6__dense,6,6,dense,0.1875,147456,1
deit_tiny,1.0,SQuaRE,blocks.2.mlp.fc2,FP32__dense,32,32,dense,1.0,147456,1
deit_tiny,1.0,SQuaRE,blocks.3.attn.qkv,INT6__dense,6,6,dense,0.1875,110592,1
deit_tiny,1.0,SQuaRE,blocks.3.attn.proj,INT6__4to8,6,6,4to8,0.09375,36864,0.5
deit_tiny,1.0,SQuaRE,blocks.3.mlp.fc1,INT6__dense,6,6,dense,0.1875,147456,1
deit_tiny,1.0,SQuaRE,blocks.3.mlp.fc2,INT6__dense,6,6,dense,0.1875,147456,1
deit_tiny,1.0,SQuaRE,blocks.4.attn.qkv,INT6__dense,6,6,dense,0.1875,110592,1
deit_tiny,1.0,SQuaRE,blocks.4.attn.proj,INT4__dense,4,4,dense,0.125,36864,1
deit_tiny,1.0,SQuaRE,blocks.4.mlp.fc1,INT8__dense,8,8,dense,0.25,147456,1
deit_tiny,1.0,SQuaRE,blocks.4.mlp.fc2,FP32__dense,32,32,dense,1.0,147456,1
deit_tiny,1.0,SQuaRE,blocks.5.attn.qkv,INT6__2to4,6,6,2to4,0.09375,110592,0.5
deit_tiny,1.0,SQuaRE,blocks.5.attn.proj,INT4__dense,4,4,dense,0.125,36864,1
deit_tiny,1.0,SQuaRE,blocks.5.mlp.fc1,INT6__dense,6,6,dense,0.1875,147456,1
deit_tiny,1.0,SQuaRE,blocks.5.mlp.fc2,INT8__4to8,8,8,4to8,0.125,147456,0.5
deit_tiny,1.0,SQuaRE,blocks.6.attn.qkv,INT6__dense,6,6,dense,0.1875,110592,1
deit_tiny,1.0,SQuaRE,blocks.6.attn.proj,INT6__dense,6,6,dense,0.1875,36864,1
deit_tiny,1.0,SQuaRE,blocks.6.mlp.fc1,FP32__dense,32,32,dense,1.0,147456,1
deit_tiny,1.0,SQuaRE,blocks.6.mlp.fc2,FP32__dense,32,32,dense,1.0,147456,1
deit_tiny,1.0,SQuaRE,blocks.7.attn.qkv,INT8__dense,8,8,dense,0.25,110592,1
deit_tiny,1.0,SQuaRE,blocks.7.attn.proj,INT6__dense,6,6,dense,0.1875,36864,1
deit_tiny,1.0,SQuaRE,blocks.7.mlp.fc1,FP32__dense,32,32,dense,1.0,147456,1
deit_tiny,1.0,SQuaRE,blocks.7.mlp.fc2,INT8__dense,8,8,dense,0.25,147456,1
deit_tiny,1.0,SQuaRE,blocks.8.attn.qkv,FP32__dense,32,32,dense,1.0,110592,1
deit_tiny,1.0,SQuaRE,blocks.8.attn.proj,FP32__dense,32,32,dense,1.0,36864,1
deit_tiny,1.0,SQuaRE,blocks.8.mlp.fc1,INT8__dense,8,8,dense,0.25,147456,1
deit_tiny,1.0,SQuaRE,blocks.8.mlp.fc2,INT8__2to4,8,8,2to4,0.125,147456,0.5
deit_tiny,1.0,SQuaRE,blocks.9.attn.qkv,INT4__dense,4,4,dense,0.125,110592,1
deit_tiny,1.0,SQuaRE,blocks.9.attn.proj,FP32__dense,32,32,dense,1.0,36864,1
deit_tiny,1.0,SQuaRE,blocks.9.mlp.fc1,INT8__4to8,8,8,4to8,0.125,147456,0.5
deit_tiny,1.0,SQuaRE,blocks.9.mlp.fc2,INT8__2to4,8,8,2to4,0.125,147456,0.5
deit_tiny,1.0,SQuaRE,blocks.10.attn.qkv,INT6__dense,6,6,dense,0.1875,110592,1
deit_tiny,1.0,SQuaRE,blocks.10.attn.proj,INT6__dense,6,6,dense,0.1875,36864,1
deit_tiny,1.0,SQuaRE,blocks.10.mlp.fc1,FP32__2to4,32,32,2to4,0.5,147456,0.5
deit_tiny,1.0,SQuaRE,blocks.10.mlp.fc2,INT8__dense,8,8,dense,0.25,147456,1
deit_tiny,1.0,SQuaRE,blocks.11.attn.qkv,FP32__dense,32,32,dense,1.0,110592,1
deit_tiny,1.0,SQuaRE,blocks.11.attn.proj,FP32__dense,32,32,dense,1.0,36864,1
deit_tiny,1.0,SQuaRE,blocks.11.mlp.fc1,FP32__dense,32,32,dense,1.0,147456,1
deit_tiny,1.0,SQuaRE,blocks.11.mlp.fc2,FP32__dense,32,32,dense,1.0,147456,1
deit_tiny,1.0,OBC-block256,blocks.0.attn.qkv,INT8__dense,8,8,dense,0.25,110592,1
deit_tiny,1.0,OBC-block256,blocks.0.attn.proj,INT8__dense,8,8,dense,0.25,36864,1
deit_tiny,1.0,OBC-block256,blocks.0.mlp.fc1,INT8__dense,8,8,dense,0.25,147456,1
deit_tiny,1.0,OBC-block256,blocks.0.mlp.fc2,INT8__dense,8,8,dense,0.25,147456,1
deit_tiny,1.0,OBC-block256,blocks.1.attn.qkv,INT8__dense,8,8,dense,0.25,110592,1
deit_tiny,1.0,OBC-block256,blocks.1.attn.proj,INT8__dense,8,8,dense,0.25,36864,1
deit_tiny,1.0,OBC-block256,blocks.1.mlp.fc1,INT8__dense,8,8,dense,0.25,147456,1
deit_tiny,1.0,OBC-block256,blocks.1.mlp.fc2,INT8__dense,8,8,dense,0.25,147456,1
deit_tiny,1.0,OBC-block256,blocks.2.attn.qkv,INT8__dense,8,8,dense,0.25,110592,1
deit_tiny,1.0,OBC-block256,blocks.2.attn.proj,INT8__dense,8,8,dense,0.25,36864,1
deit_tiny,1.0,OBC-block256,blocks.2.mlp.fc1,INT8__dense,8,8,dense,0.25,147456,1
deit_tiny,1.0,OBC-block256,blocks.2.mlp.fc2,INT8__dense,8,8,dense,0.25,147456,1
deit_tiny,1.0,OBC-block256,blocks.3.attn.qkv,INT8__dense,8,8,dense,0.25,110592,1
deit_tiny,1.0,OBC-block256,blocks.3.attn.proj,INT8__dense,8,8,dense,0.25,36864,1
deit_tiny,1.0,OBC-block256,blocks.3.mlp.fc1,INT8__dense,8,8,dense,0.25,147456,1
deit_tiny,1.0,OBC-block256,blocks.3.mlp.fc2,INT8__dense,8,8,dense,0.25,147456,1
deit_tiny,1.0,OBC-block256,blocks.4.attn.qkv,INT8__dense,8,8,dense,0.25,110592,1
deit_tiny,1.0,OBC-block256,blocks.4.attn.proj,INT8__dense,8,8,dense,0.25,36864,1
deit_tiny,1.0,OBC-block256,blocks.4.mlp.fc1,INT8__dense,8,8,dense,0.25,147456,1
deit_tiny,1.0,OBC-block256,blocks.4.mlp.fc2,INT8__dense,8,8,dense,0.25,147456,1
deit_tiny,1.0,OBC-block256,blocks.5.attn.qkv,INT8__dense,8,8,dense,0.25,110592,1
deit_tiny,1.0,OBC-block256,blocks.5.attn.proj,INT8__dense,8,8,dense,0.25,36864,1
deit_tiny,1.0,OBC-block256,blocks.5.mlp.fc1,INT8__dense,8,8,dense,0.25,147456,1
deit_tiny,1.0,OBC-block256,blocks.5.mlp.fc2,FP32__dense,32,32,dense,1.0,147456,1
deit_tiny,1.0,OBC-block256,blocks.6.attn.qkv,INT8__dense,8,8,dense,0.25,110592,1
deit_tiny,1.0,OBC-block256,blocks.6.attn.proj,INT8__dense,8,8,dense,0.25,36864,1
deit_tiny,1.0,OBC-block256,blocks.6.mlp.fc1,INT8__dense,8,8,dense,0.25,147456,1
deit_tiny,1.0,OBC-block256,blocks.6.mlp.fc2,FP32__dense,32,32,dense,1.0,147456,1
deit_tiny,1.0,OBC-block256,blocks.7.attn.qkv,INT8__dense,8,8,dense,0.25,110592,1
deit_tiny,1.0,OBC-block256,blocks.7.attn.proj,INT8__dense,8,8,dense,0.25,36864,1
deit_tiny,1.0,OBC-block256,blocks.7.mlp.fc1,INT8__dense,8,8,dense,0.25,147456,1
deit_tiny,1.0,OBC-block256,blocks.7.mlp.fc2,INT8__dense,8,8,dense,0.25,147456,1
deit_tiny,1.0,OBC-block256,blocks.8.attn.qkv,INT8__dense,8,8,dense,0.25,110592,1
deit_tiny,1.0,OBC-block256,blocks.8.attn.proj,INT8__dense,8,8,dense,0.25,36864,1
deit_tiny,1.0,OBC-block256,blocks.8.mlp.fc1,INT8__dense,8,8,dense,0.25,147456,1
deit_tiny,1.0,OBC-block256,blocks.8.mlp.fc2,FP32__dense,32,32,dense,1.0,147456,1
deit_tiny,1.0,OBC-block256,blocks.9.attn.qkv,INT8__dense,8,8,dense,0.25,110592,1
deit_tiny,1.0,OBC-block256,blocks.9.attn.proj,INT8__dense,8,8,dense,0.25,36864,1
deit_tiny,1.0,OBC-block256,blocks.9.mlp.fc1,INT8__dense,8,8,dense,0.25,147456,1
deit_tiny,1.0,OBC-block256,blocks.9.mlp.fc2,FP32__dense,32,32,dense,1.0,147456,1
deit_tiny,1.0,OBC-block256,blocks.10.attn.qkv,INT8__dense,8,8,dense,0.25,110592,1
deit_tiny,1.0,OBC-block256,blocks.10.attn.proj,INT8__dense,8,8,dense,0.25,36864,1
deit_tiny,1.0,OBC-block256,blocks.10.mlp.fc1,INT8__dense,8,8,dense,0.25,147456,1
deit_tiny,1.0,OBC-block256,blocks.10.mlp.fc2,FP32__dense,32,32,dense,1.0,147456,1
deit_tiny,1.0,OBC-block256,blocks.11.attn.qkv,INT8__dense,8,8,dense,0.25,110592,1
deit_tiny,1.0,OBC-block256,blocks.11.attn.proj,INT8__dense,8,8,dense,0.25,36864,1
deit_tiny,1.0,OBC-block256,blocks.11.mlp.fc1,INT8__dense,8,8,dense,0.25,147456,1
deit_tiny,1.0,OBC-block256,blocks.11.mlp.fc2,FP32__dense,32,32,dense,1.0,147456,1
deit_tiny,1.0,SparseGPT-adapted,blocks.0.attn.qkv,INT8__dense,8,8,dense,0.25,110592,1
deit_tiny,1.0,SparseGPT-adapted,blocks.0.attn.proj,INT8__dense,8,8,dense,0.25,36864,1
deit_tiny,1.0,SparseGPT-adapted,blocks.0.mlp.fc1,INT8__dense,8,8,dense,0.25,147456,1
deit_tiny,1.0,SparseGPT-adapted,blocks.0.mlp.fc2,INT8__dense,8,8,dense,0.25,147456,1
deit_tiny,1.0,SparseGPT-adapted,blocks.1.attn.qkv,INT8__dense,8,8,dense,0.25,110592,1
deit_tiny,1.0,SparseGPT-adapted,blocks.1.attn.proj,INT8__dense,8,8,dense,0.25,36864,1
deit_tiny,1.0,SparseGPT-adapted,blocks.1.mlp.fc1,INT8__dense,8,8,dense,0.25,147456,1
deit_tiny,1.0,SparseGPT-adapted,blocks.1.mlp.fc2,INT8__dense,8,8,dense,0.25,147456,1
deit_tiny,1.0,SparseGPT-adapted,blocks.2.attn.qkv,INT8__dense,8,8,dense,0.25,110592,1
deit_tiny,1.0,SparseGPT-adapted,blocks.2.attn.proj,INT8__dense,8,8,dense,0.25,36864,1
deit_tiny,1.0,SparseGPT-adapted,blocks.2.mlp.fc1,INT8__dense,8,8,dense,0.25,147456,1
deit_tiny,1.0,SparseGPT-adapted,blocks.2.mlp.fc2,INT8__dense,8,8,dense,0.25,147456,1
deit_tiny,1.0,SparseGPT-adapted,blocks.3.attn.qkv,INT8__dense,8,8,dense,0.25,110592,1
deit_tiny,1.0,SparseGPT-adapted,blocks.3.attn.proj,INT8__dense,8,8,dense,0.25,36864,1
deit_tiny,1.0,SparseGPT-adapted,blocks.3.mlp.fc1,INT8__dense,8,8,dense,0.25,147456,1
deit_tiny,1.0,SparseGPT-adapted,blocks.3.mlp.fc2,INT8__dense,8,8,dense,0.25,147456,1
deit_tiny,1.0,SparseGPT-adapted,blocks.4.attn.qkv,INT8__dense,8,8,dense,0.25,110592,1
deit_tiny,1.0,SparseGPT-adapted,blocks.4.attn.proj,INT8__dense,8,8,dense,0.25,36864,1
deit_tiny,1.0,SparseGPT-adapted,blocks.4.mlp.fc1,INT8__dense,8,8,dense,0.25,147456,1
deit_tiny,1.0,SparseGPT-adapted,blocks.4.mlp.fc2,INT8__dense,8,8,dense,0.25,147456,1
deit_tiny,1.0,SparseGPT-adapted,blocks.5.attn.qkv,INT8__dense,8,8,dense,0.25,110592,1
deit_tiny,1.0,SparseGPT-adapted,blocks.5.attn.proj,INT8__dense,8,8,dense,0.25,36864,1
deit_tiny,1.0,SparseGPT-adapted,blocks.5.mlp.fc1,INT8__dense,8,8,dense,0.25,147456,1
deit_tiny,1.0,SparseGPT-adapted,blocks.5.mlp.fc2,FP32__dense,32,32,dense,1.0,147456,1
deit_tiny,1.0,SparseGPT-adapted,blocks.6.attn.qkv,INT8__dense,8,8,dense,0.25,110592,1
deit_tiny,1.0,SparseGPT-adapted,blocks.6.attn.proj,INT8__dense,8,8,dense,0.25,36864,1
deit_tiny,1.0,SparseGPT-adapted,blocks.6.mlp.fc1,INT8__dense,8,8,dense,0.25,147456,1
deit_tiny,1.0,SparseGPT-adapted,blocks.6.mlp.fc2,INT8__dense,8,8,dense,0.25,147456,1
deit_tiny,1.0,SparseGPT-adapted,blocks.7.attn.qkv,INT8__dense,8,8,dense,0.25,110592,1
deit_tiny,1.0,SparseGPT-adapted,blocks.7.attn.proj,INT8__dense,8,8,dense,0.25,36864,1
deit_tiny,1.0,SparseGPT-adapted,blocks.7.mlp.fc1,INT8__dense,8,8,dense,0.25,147456,1
deit_tiny,1.0,SparseGPT-adapted,blocks.7.mlp.fc2,INT8__dense,8,8,dense,0.25,147456,1
deit_tiny,1.0,SparseGPT-adapted,blocks.8.attn.qkv,INT8__dense,8,8,dense,0.25,110592,1
deit_tiny,1.0,SparseGPT-adapted,blocks.8.attn.proj,INT8__dense,8,8,dense,0.25,36864,1
deit_tiny,1.0,SparseGPT-adapted,blocks.8.mlp.fc1,INT8__dense,8,8,dense,0.25,147456,1
deit_tiny,1.0,SparseGPT-adapted,blocks.8.mlp.fc2,INT8__dense,8,8,dense,0.25,147456,1
deit_tiny,1.0,SparseGPT-adapted,blocks.9.attn.qkv,INT8__dense,8,8,dense,0.25,110592,1
deit_tiny,1.0,SparseGPT-adapted,blocks.9.attn.proj,INT8__dense,8,8,dense,0.25,36864,1
deit_tiny,1.0,SparseGPT-adapted,blocks.9.mlp.fc1,INT8__dense,8,8,dense,0.25,147456,1
deit_tiny,1.0,SparseGPT-adapted,blocks.9.mlp.fc2,INT8__dense,8,8,dense,0.25,147456,1
deit_tiny,1.0,SparseGPT-adapted,blocks.10.attn.qkv,INT8__dense,8,8,dense,0.25,110592,1
deit_tiny,1.0,SparseGPT-adapted,blocks.10.attn.proj,INT8__dense,8,8,dense,0.25,36864,1
deit_tiny,1.0,SparseGPT-adapted,blocks.10.mlp.fc1,INT8__dense,8,8,dense,0.25,147456,1
deit_tiny,1.0,SparseGPT-adapted,blocks.10.mlp.fc2,FP32__dense,32,32,dense,1.0,147456,1
deit_tiny,1.0,SparseGPT-adapted,blocks.11.attn.qkv,INT8__dense,8,8,dense,0.25,110592,1
deit_tiny,1.0,SparseGPT-adapted,blocks.11.attn.proj,INT8__dense,8,8,dense,0.25,36864,1
deit_tiny,1.0,SparseGPT-adapted,blocks.11.mlp.fc1,INT8__dense,8,8,dense,0.25,147456,1
deit_tiny,1.0,SparseGPT-adapted,blocks.11.mlp.fc2,INT8__dense,8,8,dense,0.25,147456,1
swin_tiny,0.1,SQuaRE,layers.0.blocks.0.attn.qkv,INT8__dense,8,8,dense,0.25,27648,1
swin_tiny,0.1,SQuaRE,layers.0.blocks.0.attn.proj,INT8__dense,8,8,dense,0.25,9216,1
swin_tiny,0.1,SQuaRE,layers.0.blocks.0.mlp.fc1,INT8__dense,8,8,dense,0.25,36864,1
swin_tiny,0.1,SQuaRE,layers.0.blocks.0.mlp.fc2,FP32__dense,32,32,dense,1.0,36864,1
swin_tiny,0.1,SQuaRE,layers.0.blocks.1.attn.qkv,INT8__4to8,8,8,4to8,0.125,27648,0.5
swin_tiny,0.1,SQuaRE,layers.0.blocks.1.attn.proj,FP32__dense,32,32,dense,1.0,9216,1
swin_tiny,0.1,SQuaRE,layers.0.blocks.1.mlp.fc1,FP32__dense,32,32,dense,1.0,36864,1
swin_tiny,0.1,SQuaRE,layers.0.blocks.1.mlp.fc2,INT6__2to4,6,6,2to4,0.09375,36864,0.5
swin_tiny,0.1,SQuaRE,layers.1.blocks.0.attn.qkv,FP32__dense,32,32,dense,1.0,110592,1
swin_tiny,0.1,SQuaRE,layers.1.blocks.0.attn.proj,FP32__dense,32,32,dense,1.0,36864,1
swin_tiny,0.1,SQuaRE,layers.1.blocks.0.mlp.fc1,FP32__dense,32,32,dense,1.0,147456,1
swin_tiny,0.1,SQuaRE,layers.1.blocks.0.mlp.fc2,FP32__dense,32,32,dense,1.0,147456,1
swin_tiny,0.1,SQuaRE,layers.1.blocks.1.attn.qkv,INT6__dense,6,6,dense,0.1875,110592,1
swin_tiny,0.1,SQuaRE,layers.1.blocks.1.attn.proj,INT8__4to8,8,8,4to8,0.125,36864,0.5
swin_tiny,0.1,SQuaRE,layers.1.blocks.1.mlp.fc1,FP32__dense,32,32,dense,1.0,147456,1
swin_tiny,0.1,SQuaRE,layers.1.blocks.1.mlp.fc2,FP32__dense,32,32,dense,1.0,147456,1
swin_tiny,0.1,SQuaRE,layers.2.blocks.0.attn.qkv,INT8__dense,8,8,dense,0.25,442368,1
swin_tiny,0.1,SQuaRE,layers.2.blocks.0.attn.proj,INT4__dense,4,4,dense,0.125,147456,1
swin_tiny,0.1,SQuaRE,layers.2.blocks.0.mlp.fc1,FP32__dense,32,32,dense,1.0,589824,1
swin_tiny,0.1,SQuaRE,layers.2.blocks.0.mlp.fc2,INT8__4to8,8,8,4to8,0.125,589824,0.5
swin_tiny,0.1,SQuaRE,layers.2.blocks.1.attn.qkv,INT8__2to4,8,8,2to4,0.125,442368,0.5
swin_tiny,0.1,SQuaRE,layers.2.blocks.1.attn.proj,INT8__4to8,8,8,4to8,0.125,147456,0.5
swin_tiny,0.1,SQuaRE,layers.2.blocks.1.mlp.fc1,INT6__dense,6,6,dense,0.1875,589824,1
swin_tiny,0.1,SQuaRE,layers.2.blocks.1.mlp.fc2,INT8__dense,8,8,dense,0.25,589824,1
swin_tiny,0.1,SQuaRE,layers.2.blocks.2.attn.qkv,INT6__dense,6,6,dense,0.1875,442368,1
swin_tiny,0.1,SQuaRE,layers.2.blocks.2.attn.proj,FP32__dense,32,32,dense,1.0,147456,1
swin_tiny,0.1,SQuaRE,layers.2.blocks.2.mlp.fc1,FP32__dense,32,32,dense,1.0,589824,1
swin_tiny,0.1,SQuaRE,layers.2.blocks.2.mlp.fc2,INT8__4to8,8,8,4to8,0.125,589824,0.5
swin_tiny,0.1,SQuaRE,layers.2.blocks.3.attn.qkv,INT4__4to8,4,4,4to8,0.0625,442368,0.5
swin_tiny,0.1,SQuaRE,layers.2.blocks.3.attn.proj,FP32__dense,32,32,dense,1.0,147456,1
swin_tiny,0.1,SQuaRE,layers.2.blocks.3.mlp.fc1,FP32__dense,32,32,dense,1.0,589824,1
swin_tiny,0.1,SQuaRE,layers.2.blocks.3.mlp.fc2,INT8__2to4,8,8,2to4,0.125,589824,0.5
swin_tiny,0.1,SQuaRE,layers.2.blocks.4.attn.qkv,INT6__dense,6,6,dense,0.1875,442368,1
swin_tiny,0.1,SQuaRE,layers.2.blocks.4.attn.proj,INT6__dense,6,6,dense,0.1875,147456,1
swin_tiny,0.1,SQuaRE,layers.2.blocks.4.mlp.fc1,FP32__dense,32,32,dense,1.0,589824,1
swin_tiny,0.1,SQuaRE,layers.2.blocks.4.mlp.fc2,FP32__dense,32,32,dense,1.0,589824,1
swin_tiny,0.1,SQuaRE,layers.2.blocks.5.attn.qkv,INT6__dense,6,6,dense,0.1875,442368,1
swin_tiny,0.1,SQuaRE,layers.2.blocks.5.attn.proj,INT6__4to8,6,6,4to8,0.09375,147456,0.5
swin_tiny,0.1,SQuaRE,layers.2.blocks.5.mlp.fc1,INT6__dense,6,6,dense,0.1875,589824,1
swin_tiny,0.1,SQuaRE,layers.2.blocks.5.mlp.fc2,FP32__dense,32,32,dense,1.0,589824,1
swin_tiny,0.1,SQuaRE,layers.3.blocks.0.attn.qkv,FP32__dense,32,32,dense,1.0,1769472,1
swin_tiny,0.1,SQuaRE,layers.3.blocks.0.attn.proj,INT6__dense,6,6,dense,0.1875,589824,1
swin_tiny,0.1,SQuaRE,layers.3.blocks.0.mlp.fc1,FP32__dense,32,32,dense,1.0,2359296,1
swin_tiny,0.1,SQuaRE,layers.3.blocks.0.mlp.fc2,INT4__4to8,4,4,4to8,0.0625,2359296,0.5
swin_tiny,0.1,SQuaRE,layers.3.blocks.1.attn.qkv,INT8__dense,8,8,dense,0.25,1769472,1
swin_tiny,0.1,SQuaRE,layers.3.blocks.1.attn.proj,INT4__2to4,4,4,2to4,0.0625,589824,0.5
swin_tiny,0.1,SQuaRE,layers.3.blocks.1.mlp.fc1,INT6__dense,6,6,dense,0.1875,2359296,1
swin_tiny,0.1,SQuaRE,layers.3.blocks.1.mlp.fc2,INT4__2to4,4,4,2to4,0.0625,2359296,0.5
swin_tiny,0.1,OBC-block256,layers.0.blocks.0.attn.qkv,INT8__dense,8,8,dense,0.25,27648,1
swin_tiny,0.1,OBC-block256,layers.0.blocks.0.attn.proj,INT8__dense,8,8,dense,0.25,9216,1
swin_tiny,0.1,OBC-block256,layers.0.blocks.0.mlp.fc1,INT8__dense,8,8,dense,0.25,36864,1
swin_tiny,0.1,OBC-block256,layers.0.blocks.0.mlp.fc2,FP32__dense,32,32,dense,1.0,36864,1
swin_tiny,0.1,OBC-block256,layers.0.blocks.1.attn.qkv,INT8__dense,8,8,dense,0.25,27648,1
swin_tiny,0.1,OBC-block256,layers.0.blocks.1.attn.proj,INT8__dense,8,8,dense,0.25,9216,1
swin_tiny,0.1,OBC-block256,layers.0.blocks.1.mlp.fc1,INT8__dense,8,8,dense,0.25,36864,1
swin_tiny,0.1,OBC-block256,layers.0.blocks.1.mlp.fc2,FP32__dense,32,32,dense,1.0,36864,1
swin_tiny,0.1,OBC-block256,layers.1.blocks.0.attn.qkv,INT8__dense,8,8,dense,0.25,110592,1
swin_tiny,0.1,OBC-block256,layers.1.blocks.0.attn.proj,INT8__dense,8,8,dense,0.25,36864,1
swin_tiny,0.1,OBC-block256,layers.1.blocks.0.mlp.fc1,INT8__dense,8,8,dense,0.25,147456,1
swin_tiny,0.1,OBC-block256,layers.1.blocks.0.mlp.fc2,FP32__dense,32,32,dense,1.0,147456,1
swin_tiny,0.1,OBC-block256,layers.1.blocks.1.attn.qkv,INT8__dense,8,8,dense,0.25,110592,1
swin_tiny,0.1,OBC-block256,layers.1.blocks.1.attn.proj,INT8__dense,8,8,dense,0.25,36864,1
swin_tiny,0.1,OBC-block256,layers.1.blocks.1.mlp.fc1,INT8__dense,8,8,dense,0.25,147456,1
swin_tiny,0.1,OBC-block256,layers.1.blocks.1.mlp.fc2,FP32__dense,32,32,dense,1.0,147456,1
swin_tiny,0.1,OBC-block256,layers.2.blocks.0.attn.qkv,INT8__dense,8,8,dense,0.25,442368,1
swin_tiny,0.1,OBC-block256,layers.2.blocks.0.attn.proj,INT8__dense,8,8,dense,0.25,147456,1
swin_tiny,0.1,OBC-block256,layers.2.blocks.0.mlp.fc1,INT8__dense,8,8,dense,0.25,589824,1
swin_tiny,0.1,OBC-block256,layers.2.blocks.0.mlp.fc2,FP32__dense,32,32,dense,1.0,589824,1
swin_tiny,0.1,OBC-block256,layers.2.blocks.1.attn.qkv,INT8__dense,8,8,dense,0.25,442368,1
swin_tiny,0.1,OBC-block256,layers.2.blocks.1.attn.proj,INT8__dense,8,8,dense,0.25,147456,1
swin_tiny,0.1,OBC-block256,layers.2.blocks.1.mlp.fc1,INT8__dense,8,8,dense,0.25,589824,1
swin_tiny,0.1,OBC-block256,layers.2.blocks.1.mlp.fc2,FP32__dense,32,32,dense,1.0,589824,1
swin_tiny,0.1,OBC-block256,layers.2.blocks.2.attn.qkv,INT8__dense,8,8,dense,0.25,442368,1
swin_tiny,0.1,OBC-block256,layers.2.blocks.2.attn.proj,FP32__dense,32,32,dense,1.0,147456,1
swin_tiny,0.1,OBC-block256,layers.2.blocks.2.mlp.fc1,INT8__dense,8,8,dense,0.25,589824,1
swin_tiny,0.1,OBC-block256,layers.2.blocks.2.mlp.fc2,FP32__dense,32,32,dense,1.0,589824,1
swin_tiny,0.1,OBC-block256,layers.2.blocks.3.attn.qkv,INT8__dense,8,8,dense,0.25,442368,1
swin_tiny,0.1,OBC-block256,layers.2.blocks.3.attn.proj,INT8__dense,8,8,dense,0.25,147456,1
swin_tiny,0.1,OBC-block256,layers.2.blocks.3.mlp.fc1,INT8__dense,8,8,dense,0.25,589824,1
swin_tiny,0.1,OBC-block256,layers.2.blocks.3.mlp.fc2,FP32__dense,32,32,dense,1.0,589824,1
swin_tiny,0.1,OBC-block256,layers.2.blocks.4.attn.qkv,INT8__dense,8,8,dense,0.25,442368,1
swin_tiny,0.1,OBC-block256,layers.2.blocks.4.attn.proj,INT8__dense,8,8,dense,0.25,147456,1
swin_tiny,0.1,OBC-block256,layers.2.blocks.4.mlp.fc1,INT8__dense,8,8,dense,0.25,589824,1
swin_tiny,0.1,OBC-block256,layers.2.blocks.4.mlp.fc2,FP32__dense,32,32,dense,1.0,589824,1
swin_tiny,0.1,OBC-block256,layers.2.blocks.5.attn.qkv,INT8__dense,8,8,dense,0.25,442368,1
swin_tiny,0.1,OBC-block256,layers.2.blocks.5.attn.proj,INT8__dense,8,8,dense,0.25,147456,1
swin_tiny,0.1,OBC-block256,layers.2.blocks.5.mlp.fc1,FP32__dense,32,32,dense,1.0,589824,1
swin_tiny,0.1,OBC-block256,layers.2.blocks.5.mlp.fc2,FP32__dense,32,32,dense,1.0,589824,1
swin_tiny,0.1,OBC-block256,layers.3.blocks.0.attn.qkv,INT8__dense,8,8,dense,0.25,1769472,1
swin_tiny,0.1,OBC-block256,layers.3.blocks.0.attn.proj,INT8__dense,8,8,dense,0.25,589824,1
swin_tiny,0.1,OBC-block256,layers.3.blocks.0.mlp.fc1,INT8__dense,8,8,dense,0.25,2359296,1
swin_tiny,0.1,OBC-block256,layers.3.blocks.0.mlp.fc2,INT8__dense,8,8,dense,0.25,2359296,1
swin_tiny,0.1,OBC-block256,layers.3.blocks.1.attn.qkv,FP32__dense,32,32,dense,1.0,1769472,1
swin_tiny,0.1,OBC-block256,layers.3.blocks.1.attn.proj,INT8__dense,8,8,dense,0.25,589824,1
swin_tiny,0.1,OBC-block256,layers.3.blocks.1.mlp.fc1,INT8__dense,8,8,dense,0.25,2359296,1
swin_tiny,0.1,OBC-block256,layers.3.blocks.1.mlp.fc2,FP32__dense,32,32,dense,1.0,2359296,1
swin_tiny,0.1,SparseGPT-adapted,layers.0.blocks.0.attn.qkv,INT8__dense,8,8,dense,0.25,27648,1
swin_tiny,0.1,SparseGPT-adapted,layers.0.blocks.0.attn.proj,INT8__dense,8,8,dense,0.25,9216,1
swin_tiny,0.1,SparseGPT-adapted,layers.0.blocks.0.mlp.fc1,INT8__dense,8,8,dense,0.25,36864,1
swin_tiny,0.1,SparseGPT-adapted,layers.0.blocks.0.mlp.fc2,FP32__dense,32,32,dense,1.0,36864,1
swin_tiny,0.1,SparseGPT-adapted,layers.0.blocks.1.attn.qkv,INT8__dense,8,8,dense,0.25,27648,1
swin_tiny,0.1,SparseGPT-adapted,layers.0.blocks.1.attn.proj,INT8__dense,8,8,dense,0.25,9216,1
swin_tiny,0.1,SparseGPT-adapted,layers.0.blocks.1.mlp.fc1,INT8__dense,8,8,dense,0.25,36864,1
swin_tiny,0.1,SparseGPT-adapted,layers.0.blocks.1.mlp.fc2,FP32__dense,32,32,dense,1.0,36864,1
swin_tiny,0.1,SparseGPT-adapted,layers.1.blocks.0.attn.qkv,INT8__dense,8,8,dense,0.25,110592,1
swin_tiny,0.1,SparseGPT-adapted,layers.1.blocks.0.attn.proj,INT8__dense,8,8,dense,0.25,36864,1
swin_tiny,0.1,SparseGPT-adapted,layers.1.blocks.0.mlp.fc1,INT8__dense,8,8,dense,0.25,147456,1
swin_tiny,0.1,SparseGPT-adapted,layers.1.blocks.0.mlp.fc2,FP32__dense,32,32,dense,1.0,147456,1
swin_tiny,0.1,SparseGPT-adapted,layers.1.blocks.1.attn.qkv,INT8__dense,8,8,dense,0.25,110592,1
swin_tiny,0.1,SparseGPT-adapted,layers.1.blocks.1.attn.proj,INT8__dense,8,8,dense,0.25,36864,1
swin_tiny,0.1,SparseGPT-adapted,layers.1.blocks.1.mlp.fc1,INT8__dense,8,8,dense,0.25,147456,1
swin_tiny,0.1,SparseGPT-adapted,layers.1.blocks.1.mlp.fc2,FP32__dense,32,32,dense,1.0,147456,1
swin_tiny,0.1,SparseGPT-adapted,layers.2.blocks.0.attn.qkv,INT8__dense,8,8,dense,0.25,442368,1
swin_tiny,0.1,SparseGPT-adapted,layers.2.blocks.0.attn.proj,INT8__dense,8,8,dense,0.25,147456,1
swin_tiny,0.1,SparseGPT-adapted,layers.2.blocks.0.mlp.fc1,INT8__dense,8,8,dense,0.25,589824,1
swin_tiny,0.1,SparseGPT-adapted,layers.2.blocks.0.mlp.fc2,FP32__dense,32,32,dense,1.0,589824,1
swin_tiny,0.1,SparseGPT-adapted,layers.2.blocks.1.attn.qkv,INT8__dense,8,8,dense,0.25,442368,1
swin_tiny,0.1,SparseGPT-adapted,layers.2.blocks.1.attn.proj,INT8__dense,8,8,dense,0.25,147456,1
swin_tiny,0.1,SparseGPT-adapted,layers.2.blocks.1.mlp.fc1,INT8__dense,8,8,dense,0.25,589824,1
swin_tiny,0.1,SparseGPT-adapted,layers.2.blocks.1.mlp.fc2,FP32__dense,32,32,dense,1.0,589824,1
swin_tiny,0.1,SparseGPT-adapted,layers.2.blocks.2.attn.qkv,INT8__dense,8,8,dense,0.25,442368,1
swin_tiny,0.1,SparseGPT-adapted,layers.2.blocks.2.attn.proj,INT8__dense,8,8,dense,0.25,147456,1
swin_tiny,0.1,SparseGPT-adapted,layers.2.blocks.2.mlp.fc1,INT8__dense,8,8,dense,0.25,589824,1
swin_tiny,0.1,SparseGPT-adapted,layers.2.blocks.2.mlp.fc2,FP32__dense,32,32,dense,1.0,589824,1
swin_tiny,0.1,SparseGPT-adapted,layers.2.blocks.3.attn.qkv,INT8__dense,8,8,dense,0.25,442368,1
swin_tiny,0.1,SparseGPT-adapted,layers.2.blocks.3.attn.proj,INT8__dense,8,8,dense,0.25,147456,1
swin_tiny,0.1,SparseGPT-adapted,layers.2.blocks.3.mlp.fc1,INT8__dense,8,8,dense,0.25,589824,1
swin_tiny,0.1,SparseGPT-adapted,layers.2.blocks.3.mlp.fc2,INT8__dense,8,8,dense,0.25,589824,1
swin_tiny,0.1,SparseGPT-adapted,layers.2.blocks.4.attn.qkv,INT8__dense,8,8,dense,0.25,442368,1
swin_tiny,0.1,SparseGPT-adapted,layers.2.blocks.4.attn.proj,INT8__dense,8,8,dense,0.25,147456,1
swin_tiny,0.1,SparseGPT-adapted,layers.2.blocks.4.mlp.fc1,INT8__dense,8,8,dense,0.25,589824,1
swin_tiny,0.1,SparseGPT-adapted,layers.2.blocks.4.mlp.fc2,INT8__dense,8,8,dense,0.25,589824,1
swin_tiny,0.1,SparseGPT-adapted,layers.2.blocks.5.attn.qkv,INT8__dense,8,8,dense,0.25,442368,1
swin_tiny,0.1,SparseGPT-adapted,layers.2.blocks.5.attn.proj,INT8__dense,8,8,dense,0.25,147456,1
swin_tiny,0.1,SparseGPT-adapted,layers.2.blocks.5.mlp.fc1,INT8__dense,8,8,dense,0.25,589824,1
swin_tiny,0.1,SparseGPT-adapted,layers.2.blocks.5.mlp.fc2,FP32__4to8,32,32,4to8,0.5,589824,0.5
swin_tiny,0.1,SparseGPT-adapted,layers.3.blocks.0.attn.qkv,INT8__dense,8,8,dense,0.25,1769472,1
swin_tiny,0.1,SparseGPT-adapted,layers.3.blocks.0.attn.proj,INT8__dense,8,8,dense,0.25,589824,1
swin_tiny,0.1,SparseGPT-adapted,layers.3.blocks.0.mlp.fc1,INT8__dense,8,8,dense,0.25,2359296,1
swin_tiny,0.1,SparseGPT-adapted,layers.3.blocks.0.mlp.fc2,INT8__dense,8,8,dense,0.25,2359296,1
swin_tiny,0.1,SparseGPT-adapted,layers.3.blocks.1.attn.qkv,INT8__dense,8,8,dense,0.25,1769472,1
swin_tiny,0.1,SparseGPT-adapted,layers.3.blocks.1.attn.proj,INT8__dense,8,8,dense,0.25,589824,1
swin_tiny,0.1,SparseGPT-adapted,layers.3.blocks.1.mlp.fc1,INT8__dense,8,8,dense,0.25,2359296,1
swin_tiny,0.1,SparseGPT-adapted,layers.3.blocks.1.mlp.fc2,FP32__dense,32,32,dense,1.0,2359296,1
swin_tiny,0.5,SQuaRE,layers.0.blocks.0.attn.qkv,INT6__dense,6,6,dense,0.1875,27648,1
swin_tiny,0.5,SQuaRE,layers.0.blocks.0.attn.proj,INT8__dense,8,8,dense,0.25,9216,1
swin_tiny,0.5,SQuaRE,layers.0.blocks.0.mlp.fc1,INT6__dense,6,6,dense,0.1875,36864,1
swin_tiny,0.5,SQuaRE,layers.0.blocks.0.mlp.fc2,FP32__dense,32,32,dense,1.0,36864,1
swin_tiny,0.5,SQuaRE,layers.0.blocks.1.attn.qkv,INT4__4to8,4,4,4to8,0.0625,27648,0.5
swin_tiny,0.5,SQuaRE,layers.0.blocks.1.attn.proj,INT6__dense,6,6,dense,0.1875,9216,1
swin_tiny,0.5,SQuaRE,layers.0.blocks.1.mlp.fc1,INT6__dense,6,6,dense,0.1875,36864,1
swin_tiny,0.5,SQuaRE,layers.0.blocks.1.mlp.fc2,FP32__dense,32,32,dense,1.0,36864,1
swin_tiny,0.5,SQuaRE,layers.1.blocks.0.attn.qkv,FP32__dense,32,32,dense,1.0,110592,1
swin_tiny,0.5,SQuaRE,layers.1.blocks.0.attn.proj,FP32__dense,32,32,dense,1.0,36864,1
swin_tiny,0.5,SQuaRE,layers.1.blocks.0.mlp.fc1,FP32__dense,32,32,dense,1.0,147456,1
swin_tiny,0.5,SQuaRE,layers.1.blocks.0.mlp.fc2,FP32__dense,32,32,dense,1.0,147456,1
swin_tiny,0.5,SQuaRE,layers.1.blocks.1.attn.qkv,INT6__2to4,6,6,2to4,0.09375,110592,0.5
swin_tiny,0.5,SQuaRE,layers.1.blocks.1.attn.proj,INT8__4to8,8,8,4to8,0.125,36864,0.5
swin_tiny,0.5,SQuaRE,layers.1.blocks.1.mlp.fc1,FP32__dense,32,32,dense,1.0,147456,1
swin_tiny,0.5,SQuaRE,layers.1.blocks.1.mlp.fc2,FP32__dense,32,32,dense,1.0,147456,1
swin_tiny,0.5,SQuaRE,layers.2.blocks.0.attn.qkv,INT8__dense,8,8,dense,0.25,442368,1
swin_tiny,0.5,SQuaRE,layers.2.blocks.0.attn.proj,INT4__dense,4,4,dense,0.125,147456,1
swin_tiny,0.5,SQuaRE,layers.2.blocks.0.mlp.fc1,FP32__dense,32,32,dense,1.0,589824,1
swin_tiny,0.5,SQuaRE,layers.2.blocks.0.mlp.fc2,FP32__dense,32,32,dense,1.0,589824,1
swin_tiny,0.5,SQuaRE,layers.2.blocks.1.attn.qkv,FP32__dense,32,32,dense,1.0,442368,1
swin_tiny,0.5,SQuaRE,layers.2.blocks.1.attn.proj,INT4__2to4,4,4,2to4,0.0625,147456,0.5
swin_tiny,0.5,SQuaRE,layers.2.blocks.1.mlp.fc1,INT6__4to8,6,6,4to8,0.09375,589824,0.5
swin_tiny,0.5,SQuaRE,layers.2.blocks.1.mlp.fc2,INT6__dense,6,6,dense,0.1875,589824,1
swin_tiny,0.5,SQuaRE,layers.2.blocks.2.attn.qkv,INT6__dense,6,6,dense,0.1875,442368,1
swin_tiny,0.5,SQuaRE,layers.2.blocks.2.attn.proj,INT6__4to8,6,6,4to8,0.09375,147456,0.5
swin_tiny,0.5,SQuaRE,layers.2.blocks.2.mlp.fc1,INT6__dense,6,6,dense,0.1875,589824,1
swin_tiny,0.5,SQuaRE,layers.2.blocks.2.mlp.fc2,INT8__4to8,8,8,4to8,0.125,589824,0.5
swin_tiny,0.5,SQuaRE,layers.2.blocks.3.attn.qkv,INT4__3to8,4,4,3to8,0.046875,442368,0.375
swin_tiny,0.5,SQuaRE,layers.2.blocks.3.attn.proj,INT6__3to8,6,6,3to8,0.0703125,147456,0.375
swin_tiny,0.5,SQuaRE,layers.2.blocks.3.mlp.fc1,INT6__dense,6,6,dense,0.1875,589824,1
swin_tiny,0.5,SQuaRE,layers.2.blocks.3.mlp.fc2,INT8__2to4,8,8,2to4,0.125,589824,0.5
swin_tiny,0.5,SQuaRE,layers.2.blocks.4.attn.qkv,INT6__dense,6,6,dense,0.1875,442368,1
swin_tiny,0.5,SQuaRE,layers.2.blocks.4.attn.proj,INT6__dense,6,6,dense,0.1875,147456,1
swin_tiny,0.5,SQuaRE,layers.2.blocks.4.mlp.fc1,INT6__4to8,6,6,4to8,0.09375,589824,0.5
swin_tiny,0.5,SQuaRE,layers.2.blocks.4.mlp.fc2,INT8__dense,8,8,dense,0.25,589824,1
swin_tiny,0.5,SQuaRE,layers.2.blocks.5.attn.qkv,INT6__dense,6,6,dense,0.1875,442368,1
swin_tiny,0.5,SQuaRE,layers.2.blocks.5.attn.proj,INT6__4to8,6,6,4to8,0.09375,147456,0.5
swin_tiny,0.5,SQuaRE,layers.2.blocks.5.mlp.fc1,INT6__dense,6,6,dense,0.1875,589824,1
swin_tiny,0.5,SQuaRE,layers.2.blocks.5.mlp.fc2,FP32__dense,32,32,dense,1.0,589824,1
swin_tiny,0.5,SQuaRE,layers.3.blocks.0.attn.qkv,INT6__dense,6,6,dense,0.1875,1769472,1
swin_tiny,0.5,SQuaRE,layers.3.blocks.0.attn.proj,INT6__dense,6,6,dense,0.1875,589824,1
swin_tiny,0.5,SQuaRE,layers.3.blocks.0.mlp.fc1,INT6__dense,6,6,dense,0.1875,2359296,1
swin_tiny,0.5,SQuaRE,layers.3.blocks.0.mlp.fc2,INT4__dense,4,4,dense,0.125,2359296,1
swin_tiny,0.5,SQuaRE,layers.3.blocks.1.attn.qkv,INT6__3to8,6,6,3to8,0.0703125,1769472,0.375
swin_tiny,0.5,SQuaRE,layers.3.blocks.1.attn.proj,INT4__3to8,4,4,3to8,0.046875,589824,0.375
swin_tiny,0.5,SQuaRE,layers.3.blocks.1.mlp.fc1,INT6__dense,6,6,dense,0.1875,2359296,1
swin_tiny,0.5,SQuaRE,layers.3.blocks.1.mlp.fc2,INT8__3to8,8,8,3to8,0.09375,2359296,0.375
swin_tiny,0.5,OBC-block256,layers.0.blocks.0.attn.qkv,INT8__dense,8,8,dense,0.25,27648,1
swin_tiny,0.5,OBC-block256,layers.0.blocks.0.attn.proj,INT8__dense,8,8,dense,0.25,9216,1
swin_tiny,0.5,OBC-block256,layers.0.blocks.0.mlp.fc1,INT8__dense,8,8,dense,0.25,36864,1
swin_tiny,0.5,OBC-block256,layers.0.blocks.0.mlp.fc2,FP32__dense,32,32,dense,1.0,36864,1
swin_tiny,0.5,OBC-block256,layers.0.blocks.1.attn.qkv,INT8__dense,8,8,dense,0.25,27648,1
swin_tiny,0.5,OBC-block256,layers.0.blocks.1.attn.proj,INT8__dense,8,8,dense,0.25,9216,1
swin_tiny,0.5,OBC-block256,layers.0.blocks.1.mlp.fc1,INT8__dense,8,8,dense,0.25,36864,1
swin_tiny,0.5,OBC-block256,layers.0.blocks.1.mlp.fc2,FP32__dense,32,32,dense,1.0,36864,1
swin_tiny,0.5,OBC-block256,layers.1.blocks.0.attn.qkv,INT8__dense,8,8,dense,0.25,110592,1
swin_tiny,0.5,OBC-block256,layers.1.blocks.0.attn.proj,INT8__dense,8,8,dense,0.25,36864,1
swin_tiny,0.5,OBC-block256,layers.1.blocks.0.mlp.fc1,INT8__dense,8,8,dense,0.25,147456,1
swin_tiny,0.5,OBC-block256,layers.1.blocks.0.mlp.fc2,FP32__dense,32,32,dense,1.0,147456,1
swin_tiny,0.5,OBC-block256,layers.1.blocks.1.attn.qkv,INT8__dense,8,8,dense,0.25,110592,1
swin_tiny,0.5,OBC-block256,layers.1.blocks.1.attn.proj,INT8__dense,8,8,dense,0.25,36864,1
swin_tiny,0.5,OBC-block256,layers.1.blocks.1.mlp.fc1,INT8__dense,8,8,dense,0.25,147456,1
swin_tiny,0.5,OBC-block256,layers.1.blocks.1.mlp.fc2,INT8__dense,8,8,dense,0.25,147456,1
swin_tiny,0.5,OBC-block256,layers.2.blocks.0.attn.qkv,INT8__dense,8,8,dense,0.25,442368,1
swin_tiny,0.5,OBC-block256,layers.2.blocks.0.attn.proj,INT8__dense,8,8,dense,0.25,147456,1
swin_tiny,0.5,OBC-block256,layers.2.blocks.0.mlp.fc1,INT8__dense,8,8,dense,0.25,589824,1
swin_tiny,0.5,OBC-block256,layers.2.blocks.0.mlp.fc2,INT8__dense,8,8,dense,0.25,589824,1
swin_tiny,0.5,OBC-block256,layers.2.blocks.1.attn.qkv,INT8__dense,8,8,dense,0.25,442368,1
swin_tiny,0.5,OBC-block256,layers.2.blocks.1.attn.proj,INT8__dense,8,8,dense,0.25,147456,1
swin_tiny,0.5,OBC-block256,layers.2.blocks.1.mlp.fc1,INT8__dense,8,8,dense,0.25,589824,1
swin_tiny,0.5,OBC-block256,layers.2.blocks.1.mlp.fc2,INT8__dense,8,8,dense,0.25,589824,1
swin_tiny,0.5,OBC-block256,layers.2.blocks.2.attn.qkv,INT8__dense,8,8,dense,0.25,442368,1
swin_tiny,0.5,OBC-block256,layers.2.blocks.2.attn.proj,INT8__dense,8,8,dense,0.25,147456,1
swin_tiny,0.5,OBC-block256,layers.2.blocks.2.mlp.fc1,INT8__dense,8,8,dense,0.25,589824,1
swin_tiny,0.5,OBC-block256,layers.2.blocks.2.mlp.fc2,INT8__dense,8,8,dense,0.25,589824,1
swin_tiny,0.5,OBC-block256,layers.2.blocks.3.attn.qkv,INT8__dense,8,8,dense,0.25,442368,1
swin_tiny,0.5,OBC-block256,layers.2.blocks.3.attn.proj,INT8__dense,8,8,dense,0.25,147456,1
swin_tiny,0.5,OBC-block256,layers.2.blocks.3.mlp.fc1,INT8__dense,8,8,dense,0.25,589824,1
swin_tiny,0.5,OBC-block256,layers.2.blocks.3.mlp.fc2,INT8__dense,8,8,dense,0.25,589824,1
swin_tiny,0.5,OBC-block256,layers.2.blocks.4.attn.qkv,INT8__dense,8,8,dense,0.25,442368,1
swin_tiny,0.5,OBC-block256,layers.2.blocks.4.attn.proj,INT8__dense,8,8,dense,0.25,147456,1
swin_tiny,0.5,OBC-block256,layers.2.blocks.4.mlp.fc1,INT8__dense,8,8,dense,0.25,589824,1
swin_tiny,0.5,OBC-block256,layers.2.blocks.4.mlp.fc2,INT8__dense,8,8,dense,0.25,589824,1
swin_tiny,0.5,OBC-block256,layers.2.blocks.5.attn.qkv,INT8__dense,8,8,dense,0.25,442368,1
swin_tiny,0.5,OBC-block256,layers.2.blocks.5.attn.proj,INT8__dense,8,8,dense,0.25,147456,1
swin_tiny,0.5,OBC-block256,layers.2.blocks.5.mlp.fc1,INT8__dense,8,8,dense,0.25,589824,1
swin_tiny,0.5,OBC-block256,layers.2.blocks.5.mlp.fc2,FP32__4to8,32,32,4to8,0.5,589824,0.5
swin_tiny,0.5,OBC-block256,layers.3.blocks.0.attn.qkv,INT8__dense,8,8,dense,0.25,1769472,1
swin_tiny,0.5,OBC-block256,layers.3.blocks.0.attn.proj,INT8__dense,8,8,dense,0.25,589824,1
swin_tiny,0.5,OBC-block256,layers.3.blocks.0.mlp.fc1,INT8__dense,8,8,dense,0.25,2359296,1
swin_tiny,0.5,OBC-block256,layers.3.blocks.0.mlp.fc2,INT8__dense,8,8,dense,0.25,2359296,1
swin_tiny,0.5,OBC-block256,layers.3.blocks.1.attn.qkv,INT8__dense,8,8,dense,0.25,1769472,1
swin_tiny,0.5,OBC-block256,layers.3.blocks.1.attn.proj,INT8__dense,8,8,dense,0.25,589824,1
swin_tiny,0.5,OBC-block256,layers.3.blocks.1.mlp.fc1,INT8__dense,8,8,dense,0.25,2359296,1
swin_tiny,0.5,OBC-block256,layers.3.blocks.1.mlp.fc2,FP32__dense,32,32,dense,1.0,2359296,1
swin_tiny,0.5,SparseGPT-adapted,layers.0.blocks.0.attn.qkv,INT8__dense,8,8,dense,0.25,27648,1
swin_tiny,0.5,SparseGPT-adapted,layers.0.blocks.0.attn.proj,INT8__dense,8,8,dense,0.25,9216,1
swin_tiny,0.5,SparseGPT-adapted,layers.0.blocks.0.mlp.fc1,INT8__dense,8,8,dense,0.25,36864,1
swin_tiny,0.5,SparseGPT-adapted,layers.0.blocks.0.mlp.fc2,INT8__dense,8,8,dense,0.25,36864,1
swin_tiny,0.5,SparseGPT-adapted,layers.0.blocks.1.attn.qkv,INT8__dense,8,8,dense,0.25,27648,1
swin_tiny,0.5,SparseGPT-adapted,layers.0.blocks.1.attn.proj,INT8__dense,8,8,dense,0.25,9216,1
swin_tiny,0.5,SparseGPT-adapted,layers.0.blocks.1.mlp.fc1,INT8__dense,8,8,dense,0.25,36864,1
swin_tiny,0.5,SparseGPT-adapted,layers.0.blocks.1.mlp.fc2,INT8__dense,8,8,dense,0.25,36864,1
swin_tiny,0.5,SparseGPT-adapted,layers.1.blocks.0.attn.qkv,INT8__dense,8,8,dense,0.25,110592,1
swin_tiny,0.5,SparseGPT-adapted,layers.1.blocks.0.attn.proj,INT8__dense,8,8,dense,0.25,36864,1
swin_tiny,0.5,SparseGPT-adapted,layers.1.blocks.0.mlp.fc1,INT8__dense,8,8,dense,0.25,147456,1
swin_tiny,0.5,SparseGPT-adapted,layers.1.blocks.0.mlp.fc2,INT8__dense,8,8,dense,0.25,147456,1
swin_tiny,0.5,SparseGPT-adapted,layers.1.blocks.1.attn.qkv,INT8__dense,8,8,dense,0.25,110592,1
swin_tiny,0.5,SparseGPT-adapted,layers.1.blocks.1.attn.proj,INT8__dense,8,8,dense,0.25,36864,1
swin_tiny,0.5,SparseGPT-adapted,layers.1.blocks.1.mlp.fc1,INT8__dense,8,8,dense,0.25,147456,1
swin_tiny,0.5,SparseGPT-adapted,layers.1.blocks.1.mlp.fc2,INT8__dense,8,8,dense,0.25,147456,1
swin_tiny,0.5,SparseGPT-adapted,layers.2.blocks.0.attn.qkv,INT8__dense,8,8,dense,0.25,442368,1
swin_tiny,0.5,SparseGPT-adapted,layers.2.blocks.0.attn.proj,INT8__dense,8,8,dense,0.25,147456,1
swin_tiny,0.5,SparseGPT-adapted,layers.2.blocks.0.mlp.fc1,INT8__dense,8,8,dense,0.25,589824,1
swin_tiny,0.5,SparseGPT-adapted,layers.2.blocks.0.mlp.fc2,INT8__dense,8,8,dense,0.25,589824,1
swin_tiny,0.5,SparseGPT-adapted,layers.2.blocks.1.attn.qkv,INT8__dense,8,8,dense,0.25,442368,1
swin_tiny,0.5,SparseGPT-adapted,layers.2.blocks.1.attn.proj,INT8__dense,8,8,dense,0.25,147456,1
swin_tiny,0.5,SparseGPT-adapted,layers.2.blocks.1.mlp.fc1,INT8__dense,8,8,dense,0.25,589824,1
swin_tiny,0.5,SparseGPT-adapted,layers.2.blocks.1.mlp.fc2,INT8__dense,8,8,dense,0.25,589824,1
swin_tiny,0.5,SparseGPT-adapted,layers.2.blocks.2.attn.qkv,INT8__dense,8,8,dense,0.25,442368,1
swin_tiny,0.5,SparseGPT-adapted,layers.2.blocks.2.attn.proj,INT8__dense,8,8,dense,0.25,147456,1
swin_tiny,0.5,SparseGPT-adapted,layers.2.blocks.2.mlp.fc1,INT8__dense,8,8,dense,0.25,589824,1
swin_tiny,0.5,SparseGPT-adapted,layers.2.blocks.2.mlp.fc2,INT8__dense,8,8,dense,0.25,589824,1
swin_tiny,0.5,SparseGPT-adapted,layers.2.blocks.3.attn.qkv,INT8__dense,8,8,dense,0.25,442368,1
swin_tiny,0.5,SparseGPT-adapted,layers.2.blocks.3.attn.proj,INT8__dense,8,8,dense,0.25,147456,1
swin_tiny,0.5,SparseGPT-adapted,layers.2.blocks.3.mlp.fc1,INT8__dense,8,8,dense,0.25,589824,1
swin_tiny,0.5,SparseGPT-adapted,layers.2.blocks.3.mlp.fc2,INT8__dense,8,8,dense,0.25,589824,1
swin_tiny,0.5,SparseGPT-adapted,layers.2.blocks.4.attn.qkv,INT8__dense,8,8,dense,0.25,442368,1
swin_tiny,0.5,SparseGPT-adapted,layers.2.blocks.4.attn.proj,INT8__dense,8,8,dense,0.25,147456,1
swin_tiny,0.5,SparseGPT-adapted,layers.2.blocks.4.mlp.fc1,INT8__dense,8,8,dense,0.25,589824,1
swin_tiny,0.5,SparseGPT-adapted,layers.2.blocks.4.mlp.fc2,INT8__dense,8,8,dense,0.25,589824,1
swin_tiny,0.5,SparseGPT-adapted,layers.2.blocks.5.attn.qkv,INT8__dense,8,8,dense,0.25,442368,1
swin_tiny,0.5,SparseGPT-adapted,layers.2.blocks.5.attn.proj,INT8__dense,8,8,dense,0.25,147456,1
swin_tiny,0.5,SparseGPT-adapted,layers.2.blocks.5.mlp.fc1,INT8__dense,8,8,dense,0.25,589824,1
swin_tiny,0.5,SparseGPT-adapted,layers.2.blocks.5.mlp.fc2,FP32__3to8,32,32,3to8,0.375,589824,0.375
swin_tiny,0.5,SparseGPT-adapted,layers.3.blocks.0.attn.qkv,INT8__dense,8,8,dense,0.25,1769472,1
swin_tiny,0.5,SparseGPT-adapted,layers.3.blocks.0.attn.proj,INT8__dense,8,8,dense,0.25,589824,1
swin_tiny,0.5,SparseGPT-adapted,layers.3.blocks.0.mlp.fc1,INT8__dense,8,8,dense,0.25,2359296,1
swin_tiny,0.5,SparseGPT-adapted,layers.3.blocks.0.mlp.fc2,INT8__dense,8,8,dense,0.25,2359296,1
swin_tiny,0.5,SparseGPT-adapted,layers.3.blocks.1.attn.qkv,INT8__dense,8,8,dense,0.25,1769472,1
swin_tiny,0.5,SparseGPT-adapted,layers.3.blocks.1.attn.proj,INT8__dense,8,8,dense,0.25,589824,1
swin_tiny,0.5,SparseGPT-adapted,layers.3.blocks.1.mlp.fc1,INT8__dense,8,8,dense,0.25,2359296,1
swin_tiny,0.5,SparseGPT-adapted,layers.3.blocks.1.mlp.fc2,INT8__dense,8,8,dense,0.25,2359296,1
swin_tiny,1.0,SQuaRE,layers.0.blocks.0.attn.qkv,INT6__dense,6,6,dense,0.1875,27648,1
swin_tiny,1.0,SQuaRE,layers.0.blocks.0.attn.proj,INT6__dense,6,6,dense,0.1875,9216,1
swin_tiny,1.0,SQuaRE,layers.0.blocks.0.mlp.fc1,INT8__4to8,8,8,4to8,0.125,36864,0.5
swin_tiny,1.0,SQuaRE,layers.0.blocks.0.mlp.fc2,FP32__dense,32,32,dense,1.0,36864,1
swin_tiny,1.0,SQuaRE,layers.0.blocks.1.attn.qkv,FP32__dense,32,32,dense,1.0,27648,1
swin_tiny,1.0,SQuaRE,layers.0.blocks.1.attn.proj,FP32__dense,32,32,dense,1.0,9216,1
swin_tiny,1.0,SQuaRE,layers.0.blocks.1.mlp.fc1,INT6__2to4,6,6,2to4,0.09375,36864,0.5
swin_tiny,1.0,SQuaRE,layers.0.blocks.1.mlp.fc2,FP32__dense,32,32,dense,1.0,36864,1
swin_tiny,1.0,SQuaRE,layers.1.blocks.0.attn.qkv,FP32__dense,32,32,dense,1.0,110592,1
swin_tiny,1.0,SQuaRE,layers.1.blocks.0.attn.proj,FP32__dense,32,32,dense,1.0,36864,1
swin_tiny,1.0,SQuaRE,layers.1.blocks.0.mlp.fc1,INT6__4to8,6,6,4to8,0.09375,147456,0.5
swin_tiny,1.0,SQuaRE,layers.1.blocks.0.mlp.fc2,FP32__dense,32,32,dense,1.0,147456,1
swin_tiny,1.0,SQuaRE,layers.1.blocks.1.attn.qkv,INT6__2to4,6,6,2to4,0.09375,110592,0.5
swin_tiny,1.0,SQuaRE,layers.1.blocks.1.attn.proj,INT8__4to8,8,8,4to8,0.125,36864,0.5
swin_tiny,1.0,SQuaRE,layers.1.blocks.1.mlp.fc1,INT4__dense,4,4,dense,0.125,147456,1
swin_tiny,1.0,SQuaRE,layers.1.blocks.1.mlp.fc2,FP32__dense,32,32,dense,1.0,147456,1
swin_tiny,1.0,SQuaRE,layers.2.blocks.0.attn.qkv,INT8__dense,8,8,dense,0.25,442368,1
swin_tiny,1.0,SQuaRE,layers.2.blocks.0.attn.proj,FP32__dense,32,32,dense,1.0,147456,1
swin_tiny,1.0,SQuaRE,layers.2.blocks.0.mlp.fc1,FP32__dense,32,32,dense,1.0,589824,1
swin_tiny,1.0,SQuaRE,layers.2.blocks.0.mlp.fc2,FP32__dense,32,32,dense,1.0,589824,1
swin_tiny,1.0,SQuaRE,layers.2.blocks.1.attn.qkv,INT8__2to4,8,8,2to4,0.125,442368,0.5
swin_tiny,1.0,SQuaRE,layers.2.blocks.1.attn.proj,INT8__dense,8,8,dense,0.25,147456,1
swin_tiny,1.0,SQuaRE,layers.2.blocks.1.mlp.fc1,FP32__dense,32,32,dense,1.0,589824,1
swin_tiny,1.0,SQuaRE,layers.2.blocks.1.mlp.fc2,INT8__dense,8,8,dense,0.25,589824,1
swin_tiny,1.0,SQuaRE,layers.2.blocks.2.attn.qkv,FP32__dense,32,32,dense,1.0,442368,1
swin_tiny,1.0,SQuaRE,layers.2.blocks.2.attn.proj,FP32__dense,32,32,dense,1.0,147456,1
swin_tiny,1.0,SQuaRE,layers.2.blocks.2.mlp.fc1,INT6__dense,6,6,dense,0.1875,589824,1
swin_tiny,1.0,SQuaRE,layers.2.blocks.2.mlp.fc2,INT8__4to8,8,8,4to8,0.125,589824,0.5
swin_tiny,1.0,SQuaRE,layers.2.blocks.3.attn.qkv,FP32__dense,32,32,dense,1.0,442368,1
swin_tiny,1.0,SQuaRE,layers.2.blocks.3.attn.proj,FP32__dense,32,32,dense,1.0,147456,1
swin_tiny,1.0,SQuaRE,layers.2.blocks.3.mlp.fc1,INT6__4to8,6,6,4to8,0.09375,589824,0.5
swin_tiny,1.0,SQuaRE,layers.2.blocks.3.mlp.fc2,INT8__dense,8,8,dense,0.25,589824,1
swin_tiny,1.0,SQuaRE,layers.2.blocks.4.attn.qkv,INT6__dense,6,6,dense,0.1875,442368,1
swin_tiny,1.0,SQuaRE,layers.2.blocks.4.attn.proj,INT6__dense,6,6,dense,0.1875,147456,1
swin_tiny,1.0,SQuaRE,layers.2.blocks.4.mlp.fc1,FP32__dense,32,32,dense,1.0,589824,1
swin_tiny,1.0,SQuaRE,layers.2.blocks.4.mlp.fc2,INT8__dense,8,8,dense,0.25,589824,1
swin_tiny,1.0,SQuaRE,layers.2.blocks.5.attn.qkv,INT6__dense,6,6,dense,0.1875,442368,1
swin_tiny,1.0,SQuaRE,layers.2.blocks.5.attn.proj,FP32__dense,32,32,dense,1.0,147456,1
swin_tiny,1.0,SQuaRE,layers.2.blocks.5.mlp.fc1,INT8__dense,8,8,dense,0.25,589824,1
swin_tiny,1.0,SQuaRE,layers.2.blocks.5.mlp.fc2,FP32__dense,32,32,dense,1.0,589824,1
swin_tiny,1.0,SQuaRE,layers.3.blocks.0.attn.qkv,FP32__dense,32,32,dense,1.0,1769472,1
swin_tiny,1.0,SQuaRE,layers.3.blocks.0.attn.proj,FP32__dense,32,32,dense,1.0,589824,1
swin_tiny,1.0,SQuaRE,layers.3.blocks.0.mlp.fc1,INT6__dense,6,6,dense,0.1875,2359296,1
swin_tiny,1.0,SQuaRE,layers.3.blocks.0.mlp.fc2,FP32__dense,32,32,dense,1.0,2359296,1
swin_tiny,1.0,SQuaRE,layers.3.blocks.1.attn.qkv,INT8__4to8,8,8,4to8,0.125,1769472,0.5
swin_tiny,1.0,SQuaRE,layers.3.blocks.1.attn.proj,FP32__dense,32,32,dense,1.0,589824,1
swin_tiny,1.0,SQuaRE,layers.3.blocks.1.mlp.fc1,FP32__dense,32,32,dense,1.0,2359296,1
swin_tiny,1.0,SQuaRE,layers.3.blocks.1.mlp.fc2,INT8__dense,8,8,dense,0.25,2359296,1
swin_tiny,1.0,OBC-block256,layers.0.blocks.0.attn.qkv,INT8__4to8,8,8,4to8,0.125,27648,0.5
swin_tiny,1.0,OBC-block256,layers.0.blocks.0.attn.proj,INT8__dense,8,8,dense,0.25,9216,1
swin_tiny,1.0,OBC-block256,layers.0.blocks.0.mlp.fc1,INT8__dense,8,8,dense,0.25,36864,1
swin_tiny,1.0,OBC-block256,layers.0.blocks.0.mlp.fc2,INT8__dense,8,8,dense,0.25,36864,1
swin_tiny,1.0,OBC-block256,layers.0.blocks.1.attn.qkv,INT8__dense,8,8,dense,0.25,27648,1
swin_tiny,1.0,OBC-block256,layers.0.blocks.1.attn.proj,INT8__dense,8,8,dense,0.25,9216,1
swin_tiny,1.0,OBC-block256,layers.0.blocks.1.mlp.fc1,INT8__dense,8,8,dense,0.25,36864,1
swin_tiny,1.0,OBC-block256,layers.0.blocks.1.mlp.fc2,INT8__dense,8,8,dense,0.25,36864,1
swin_tiny,1.0,OBC-block256,layers.1.blocks.0.attn.qkv,INT8__dense,8,8,dense,0.25,110592,1
swin_tiny,1.0,OBC-block256,layers.1.blocks.0.attn.proj,INT8__dense,8,8,dense,0.25,36864,1
swin_tiny,1.0,OBC-block256,layers.1.blocks.0.mlp.fc1,INT8__dense,8,8,dense,0.25,147456,1
swin_tiny,1.0,OBC-block256,layers.1.blocks.0.mlp.fc2,FP32__dense,32,32,dense,1.0,147456,1
swin_tiny,1.0,OBC-block256,layers.1.blocks.1.attn.qkv,INT8__dense,8,8,dense,0.25,110592,1
swin_tiny,1.0,OBC-block256,layers.1.blocks.1.attn.proj,INT8__dense,8,8,dense,0.25,36864,1
swin_tiny,1.0,OBC-block256,layers.1.blocks.1.mlp.fc1,INT8__dense,8,8,dense,0.25,147456,1
swin_tiny,1.0,OBC-block256,layers.1.blocks.1.mlp.fc2,INT8__dense,8,8,dense,0.25,147456,1
swin_tiny,1.0,OBC-block256,layers.2.blocks.0.attn.qkv,INT8__dense,8,8,dense,0.25,442368,1
swin_tiny,1.0,OBC-block256,layers.2.blocks.0.attn.proj,INT8__dense,8,8,dense,0.25,147456,1
swin_tiny,1.0,OBC-block256,layers.2.blocks.0.mlp.fc1,INT8__dense,8,8,dense,0.25,589824,1
swin_tiny,1.0,OBC-block256,layers.2.blocks.0.mlp.fc2,INT8__dense,8,8,dense,0.25,589824,1
swin_tiny,1.0,OBC-block256,layers.2.blocks.1.attn.qkv,INT8__dense,8,8,dense,0.25,442368,1
swin_tiny,1.0,OBC-block256,layers.2.blocks.1.attn.proj,INT8__dense,8,8,dense,0.25,147456,1
swin_tiny,1.0,OBC-block256,layers.2.blocks.1.mlp.fc1,INT8__dense,8,8,dense,0.25,589824,1
swin_tiny,1.0,OBC-block256,layers.2.blocks.1.mlp.fc2,INT8__dense,8,8,dense,0.25,589824,1
swin_tiny,1.0,OBC-block256,layers.2.blocks.2.attn.qkv,INT8__dense,8,8,dense,0.25,442368,1
swin_tiny,1.0,OBC-block256,layers.2.blocks.2.attn.proj,INT8__dense,8,8,dense,0.25,147456,1
swin_tiny,1.0,OBC-block256,layers.2.blocks.2.mlp.fc1,INT8__dense,8,8,dense,0.25,589824,1
swin_tiny,1.0,OBC-block256,layers.2.blocks.2.mlp.fc2,INT8__dense,8,8,dense,0.25,589824,1
swin_tiny,1.0,OBC-block256,layers.2.blocks.3.attn.qkv,INT8__dense,8,8,dense,0.25,442368,1
swin_tiny,1.0,OBC-block256,layers.2.blocks.3.attn.proj,INT8__dense,8,8,dense,0.25,147456,1
swin_tiny,1.0,OBC-block256,layers.2.blocks.3.mlp.fc1,INT8__dense,8,8,dense,0.25,589824,1
swin_tiny,1.0,OBC-block256,layers.2.blocks.3.mlp.fc2,INT8__dense,8,8,dense,0.25,589824,1
swin_tiny,1.0,OBC-block256,layers.2.blocks.4.attn.qkv,INT8__dense,8,8,dense,0.25,442368,1
swin_tiny,1.0,OBC-block256,layers.2.blocks.4.attn.proj,INT8__dense,8,8,dense,0.25,147456,1
swin_tiny,1.0,OBC-block256,layers.2.blocks.4.mlp.fc1,INT8__dense,8,8,dense,0.25,589824,1
swin_tiny,1.0,OBC-block256,layers.2.blocks.4.mlp.fc2,INT8__dense,8,8,dense,0.25,589824,1
swin_tiny,1.0,OBC-block256,layers.2.blocks.5.attn.qkv,INT8__dense,8,8,dense,0.25,442368,1
swin_tiny,1.0,OBC-block256,layers.2.blocks.5.attn.proj,INT8__dense,8,8,dense,0.25,147456,1
swin_tiny,1.0,OBC-block256,layers.2.blocks.5.mlp.fc1,INT8__dense,8,8,dense,0.25,589824,1
swin_tiny,1.0,OBC-block256,layers.2.blocks.5.mlp.fc2,FP32__4to8,32,32,4to8,0.5,589824,0.5
swin_tiny,1.0,OBC-block256,layers.3.blocks.0.attn.qkv,INT8__dense,8,8,dense,0.25,1769472,1
swin_tiny,1.0,OBC-block256,layers.3.blocks.0.attn.proj,INT8__dense,8,8,dense,0.25,589824,1
swin_tiny,1.0,OBC-block256,layers.3.blocks.0.mlp.fc1,INT8__dense,8,8,dense,0.25,2359296,1
swin_tiny,1.0,OBC-block256,layers.3.blocks.0.mlp.fc2,INT8__dense,8,8,dense,0.25,2359296,1
swin_tiny,1.0,OBC-block256,layers.3.blocks.1.attn.qkv,INT8__dense,8,8,dense,0.25,1769472,1
swin_tiny,1.0,OBC-block256,layers.3.blocks.1.attn.proj,INT8__dense,8,8,dense,0.25,589824,1
swin_tiny,1.0,OBC-block256,layers.3.blocks.1.mlp.fc1,INT8__dense,8,8,dense,0.25,2359296,1
swin_tiny,1.0,OBC-block256,layers.3.blocks.1.mlp.fc2,FP32__dense,32,32,dense,1.0,2359296,1
swin_tiny,1.0,SparseGPT-adapted,layers.0.blocks.0.attn.qkv,INT8__dense,8,8,dense,0.25,27648,1
swin_tiny,1.0,SparseGPT-adapted,layers.0.blocks.0.attn.proj,INT8__dense,8,8,dense,0.25,9216,1
swin_tiny,1.0,SparseGPT-adapted,layers.0.blocks.0.mlp.fc1,INT8__dense,8,8,dense,0.25,36864,1
swin_tiny,1.0,SparseGPT-adapted,layers.0.blocks.0.mlp.fc2,INT8__dense,8,8,dense,0.25,36864,1
swin_tiny,1.0,SparseGPT-adapted,layers.0.blocks.1.attn.qkv,INT8__dense,8,8,dense,0.25,27648,1
swin_tiny,1.0,SparseGPT-adapted,layers.0.blocks.1.attn.proj,INT8__dense,8,8,dense,0.25,9216,1
swin_tiny,1.0,SparseGPT-adapted,layers.0.blocks.1.mlp.fc1,INT8__dense,8,8,dense,0.25,36864,1
swin_tiny,1.0,SparseGPT-adapted,layers.0.blocks.1.mlp.fc2,INT8__dense,8,8,dense,0.25,36864,1
swin_tiny,1.0,SparseGPT-adapted,layers.1.blocks.0.attn.qkv,INT8__dense,8,8,dense,0.25,110592,1
swin_tiny,1.0,SparseGPT-adapted,layers.1.blocks.0.attn.proj,INT8__dense,8,8,dense,0.25,36864,1
swin_tiny,1.0,SparseGPT-adapted,layers.1.blocks.0.mlp.fc1,INT8__dense,8,8,dense,0.25,147456,1
swin_tiny,1.0,SparseGPT-adapted,layers.1.blocks.0.mlp.fc2,INT8__dense,8,8,dense,0.25,147456,1
swin_tiny,1.0,SparseGPT-adapted,layers.1.blocks.1.attn.qkv,INT8__dense,8,8,dense,0.25,110592,1
swin_tiny,1.0,SparseGPT-adapted,layers.1.blocks.1.attn.proj,INT8__dense,8,8,dense,0.25,36864,1
swin_tiny,1.0,SparseGPT-adapted,layers.1.blocks.1.mlp.fc1,INT8__dense,8,8,dense,0.25,147456,1
swin_tiny,1.0,SparseGPT-adapted,layers.1.blocks.1.mlp.fc2,INT8__dense,8,8,dense,0.25,147456,1
swin_tiny,1.0,SparseGPT-adapted,layers.2.blocks.0.attn.qkv,INT8__dense,8,8,dense,0.25,442368,1
swin_tiny,1.0,SparseGPT-adapted,layers.2.blocks.0.attn.proj,INT8__dense,8,8,dense,0.25,147456,1
swin_tiny,1.0,SparseGPT-adapted,layers.2.blocks.0.mlp.fc1,INT8__dense,8,8,dense,0.25,589824,1
swin_tiny,1.0,SparseGPT-adapted,layers.2.blocks.0.mlp.fc2,INT8__dense,8,8,dense,0.25,589824,1
swin_tiny,1.0,SparseGPT-adapted,layers.2.blocks.1.attn.qkv,INT8__dense,8,8,dense,0.25,442368,1
swin_tiny,1.0,SparseGPT-adapted,layers.2.blocks.1.attn.proj,INT8__dense,8,8,dense,0.25,147456,1
swin_tiny,1.0,SparseGPT-adapted,layers.2.blocks.1.mlp.fc1,INT8__dense,8,8,dense,0.25,589824,1
swin_tiny,1.0,SparseGPT-adapted,layers.2.blocks.1.mlp.fc2,INT8__dense,8,8,dense,0.25,589824,1
swin_tiny,1.0,SparseGPT-adapted,layers.2.blocks.2.attn.qkv,INT8__dense,8,8,dense,0.25,442368,1
swin_tiny,1.0,SparseGPT-adapted,layers.2.blocks.2.attn.proj,INT8__dense,8,8,dense,0.25,147456,1
swin_tiny,1.0,SparseGPT-adapted,layers.2.blocks.2.mlp.fc1,INT8__dense,8,8,dense,0.25,589824,1
swin_tiny,1.0,SparseGPT-adapted,layers.2.blocks.2.mlp.fc2,INT8__dense,8,8,dense,0.25,589824,1
swin_tiny,1.0,SparseGPT-adapted,layers.2.blocks.3.attn.qkv,INT8__dense,8,8,dense,0.25,442368,1
swin_tiny,1.0,SparseGPT-adapted,layers.2.blocks.3.attn.proj,INT8__dense,8,8,dense,0.25,147456,1
swin_tiny,1.0,SparseGPT-adapted,layers.2.blocks.3.mlp.fc1,INT8__dense,8,8,dense,0.25,589824,1
swin_tiny,1.0,SparseGPT-adapted,layers.2.blocks.3.mlp.fc2,INT8__dense,8,8,dense,0.25,589824,1
swin_tiny,1.0,SparseGPT-adapted,layers.2.blocks.4.attn.qkv,INT8__dense,8,8,dense,0.25,442368,1
swin_tiny,1.0,SparseGPT-adapted,layers.2.blocks.4.attn.proj,INT8__dense,8,8,dense,0.25,147456,1
swin_tiny,1.0,SparseGPT-adapted,layers.2.blocks.4.mlp.fc1,INT8__dense,8,8,dense,0.25,589824,1
swin_tiny,1.0,SparseGPT-adapted,layers.2.blocks.4.mlp.fc2,INT8__dense,8,8,dense,0.25,589824,1
swin_tiny,1.0,SparseGPT-adapted,layers.2.blocks.5.attn.qkv,INT8__dense,8,8,dense,0.25,442368,1
swin_tiny,1.0,SparseGPT-adapted,layers.2.blocks.5.attn.proj,INT8__dense,8,8,dense,0.25,147456,1
swin_tiny,1.0,SparseGPT-adapted,layers.2.blocks.5.mlp.fc1,INT8__dense,8,8,dense,0.25,589824,1
swin_tiny,1.0,SparseGPT-adapted,layers.2.blocks.5.mlp.fc2,FP32__3to8,32,32,3to8,0.375,589824,0.375
swin_tiny,1.0,SparseGPT-adapted,layers.3.blocks.0.attn.qkv,INT8__dense,8,8,dense,0.25,1769472,1
swin_tiny,1.0,SparseGPT-adapted,layers.3.blocks.0.attn.proj,INT8__dense,8,8,dense,0.25,589824,1
swin_tiny,1.0,SparseGPT-adapted,layers.3.blocks.0.mlp.fc1,INT8__dense,8,8,dense,0.25,2359296,1
swin_tiny,1.0,SparseGPT-adapted,layers.3.blocks.0.mlp.fc2,INT8__dense,8,8,dense,0.25,2359296,1
swin_tiny,1.0,SparseGPT-adapted,layers.3.blocks.1.attn.qkv,INT8__dense,8,8,dense,0.25,1769472,1
swin_tiny,1.0,SparseGPT-adapted,layers.3.blocks.1.attn.proj,INT8__dense,8,8,dense,0.25,589824,1
swin_tiny,1.0,SparseGPT-adapted,layers.3.blocks.1.mlp.fc1,INT8__dense,8,8,dense,0.25,2359296,1
swin_tiny,1.0,SparseGPT-adapted,layers.3.blocks.1.mlp.fc2,INT8__dense,8,8,dense,0.25,2359296,1
resnet18,0.1,SQuaRE,layer1.0.conv1,INT8__dense,8,8,dense,0.25,36864,1
resnet18,0.1,SQuaRE,layer1.0.conv2,INT8__dense,8,8,dense,0.25,36864,1
resnet18,0.1,SQuaRE,layer1.1.conv1,INT8__dense,8,8,dense,0.25,36864,1
resnet18,0.1,SQuaRE,layer1.1.conv2,INT8__dense,8,8,dense,0.25,36864,1
resnet18,0.1,SQuaRE,layer2.0.conv1,INT6__dense,6,6,dense,0.1875,73728,1
resnet18,0.1,SQuaRE,layer2.0.conv2,INT6__dense,6,6,dense,0.1875,147456,1
resnet18,0.1,SQuaRE,layer2.0.downsample.0,INT8__dense,8,8,dense,0.25,8192,1
resnet18,0.1,SQuaRE,layer2.1.conv1,INT8__dense,8,8,dense,0.25,147456,1
resnet18,0.1,SQuaRE,layer2.1.conv2,INT6__4to8,6,6,4to8,0.09375,147456,0.5
resnet18,0.1,SQuaRE,layer3.0.conv1,INT6__dense,6,6,dense,0.1875,294912,1
resnet18,0.1,SQuaRE,layer3.0.conv2,INT8__4to8,8,8,4to8,0.125,589824,0.5
resnet18,0.1,SQuaRE,layer3.0.downsample.0,INT8__dense,8,8,dense,0.25,32768,1
resnet18,0.1,SQuaRE,layer3.1.conv1,INT6__dense,6,6,dense,0.1875,589824,1
resnet18,0.1,SQuaRE,layer3.1.conv2,INT6__dense,6,6,dense,0.1875,589824,1
resnet18,0.1,SQuaRE,layer4.0.conv1,INT6__dense,6,6,dense,0.1875,1179648,1
resnet18,0.1,SQuaRE,layer4.0.conv2,INT6__4to8,6,6,4to8,0.09375,2359296,0.5
resnet18,0.1,SQuaRE,layer4.0.downsample.0,INT6__dense,6,6,dense,0.1875,131072,1
resnet18,0.1,SQuaRE,layer4.1.conv1,INT6__2to4,6,6,2to4,0.09375,2359296,0.5
resnet18,0.1,SQuaRE,layer4.1.conv2,INT6__dense,6,6,dense,0.1875,2359296,1
resnet18,0.1,OBC-block256,layer1.0.conv1,INT8__3to8,8,8,3to8,0.09375,36864,0.375
resnet18,0.1,OBC-block256,layer1.0.conv2,INT8__3to8,8,8,3to8,0.09375,36864,0.375
resnet18,0.1,OBC-block256,layer1.1.conv1,INT6__3to8,6,6,3to8,0.0703125,36864,0.375
resnet18,0.1,OBC-block256,layer1.1.conv2,INT8__4to8,8,8,4to8,0.125,36864,0.5
resnet18,0.1,OBC-block256,layer2.0.conv1,INT8__4to8,8,8,4to8,0.125,73728,0.5
resnet18,0.1,OBC-block256,layer2.0.conv2,INT8__4to8,8,8,4to8,0.125,147456,0.5
resnet18,0.1,OBC-block256,layer2.0.downsample.0,INT8__4to8,8,8,4to8,0.125,8192,0.5
resnet18,0.1,OBC-block256,layer2.1.conv1,INT8__4to8,8,8,4to8,0.125,147456,0.5
resnet18,0.1,OBC-block256,layer2.1.conv2,INT8__dense,8,8,dense,0.25,147456,1
resnet18,0.1,OBC-block256,layer3.0.conv1,INT8__4to8,8,8,4to8,0.125,294912,0.5
resnet18,0.1,OBC-block256,layer3.0.conv2,INT8__4to8,8,8,4to8,0.125,589824,0.5
resnet18,0.1,OBC-block256,layer3.0.downsample.0,INT8__dense,8,8,dense,0.25,32768,1
resnet18,0.1,OBC-block256,layer3.1.conv1,INT8__4to8,8,8,4to8,0.125,589824,0.5
resnet18,0.1,OBC-block256,layer3.1.conv2,INT8__dense,8,8,dense,0.25,589824,1
resnet18,0.1,OBC-block256,layer4.0.conv1,INT8__4to8,8,8,4to8,0.125,1179648,0.5
resnet18,0.1,OBC-block256,layer4.0.conv2,INT8__dense,8,8,dense,0.25,2359296,1
resnet18,0.1,OBC-block256,layer4.0.downsample.0,INT8__dense,8,8,dense,0.25,131072,1
resnet18,0.1,OBC-block256,layer4.1.conv1,INT8__4to8,8,8,4to8,0.125,2359296,0.5
resnet18,0.1,OBC-block256,layer4.1.conv2,INT8__4to8,8,8,4to8,0.125,2359296,0.5
resnet18,0.1,SparseGPT-adapted,layer1.0.conv1,INT8__3to8,8,8,3to8,0.09375,36864,0.375
resnet18,0.1,SparseGPT-adapted,layer1.0.conv2,INT8__4to8,8,8,4to8,0.125,36864,0.5
resnet18,0.1,SparseGPT-adapted,layer1.1.conv1,INT8__4to8,8,8,4to8,0.125,36864,0.5
resnet18,0.1,SparseGPT-adapted,layer1.1.conv2,INT8__dense,8,8,dense,0.25,36864,1
resnet18,0.1,SparseGPT-adapted,layer2.0.conv1,INT8__dense,8,8,dense,0.25,73728,1
resnet18,0.1,SparseGPT-adapted,layer2.0.conv2,INT6__dense,6,6,dense,0.1875,147456,1
resnet18,0.1,SparseGPT-adapted,layer2.0.downsample.0,INT8__dense,8,8,dense,0.25,8192,1
resnet18,0.1,SparseGPT-adapted,layer2.1.conv1,INT8__4to8,8,8,4to8,0.125,147456,0.5
resnet18,0.1,SparseGPT-adapted,layer2.1.conv2,INT8__dense,8,8,dense,0.25,147456,1
resnet18,0.1,SparseGPT-adapted,layer3.0.conv1,INT8__dense,8,8,dense,0.25,294912,1
resnet18,0.1,SparseGPT-adapted,layer3.0.conv2,INT8__dense,8,8,dense,0.25,589824,1
resnet18,0.1,SparseGPT-adapted,layer3.0.downsample.0,INT8__dense,8,8,dense,0.25,32768,1
resnet18,0.1,SparseGPT-adapted,layer3.1.conv1,INT8__4to8,8,8,4to8,0.125,589824,0.5
resnet18,0.1,SparseGPT-adapted,layer3.1.conv2,INT8__dense,8,8,dense,0.25,589824,1
resnet18,0.1,SparseGPT-adapted,layer4.0.conv1,INT8__4to8,8,8,4to8,0.125,1179648,0.5
resnet18,0.1,SparseGPT-adapted,layer4.0.conv2,INT8__dense,8,8,dense,0.25,2359296,1
resnet18,0.1,SparseGPT-adapted,layer4.0.downsample.0,INT8__dense,8,8,dense,0.25,131072,1
resnet18,0.1,SparseGPT-adapted,layer4.1.conv1,INT8__4to8,8,8,4to8,0.125,2359296,0.5
resnet18,0.1,SparseGPT-adapted,layer4.1.conv2,INT8__dense,8,8,dense,0.25,2359296,1
resnet18,0.5,SQuaRE,layer1.0.conv1,INT8__dense,8,8,dense,0.25,36864,1
resnet18,0.5,SQuaRE,layer1.0.conv2,INT6__dense,6,6,dense,0.1875,36864,1
resnet18,0.5,SQuaRE,layer1.1.conv1,INT8__dense,8,8,dense,0.25,36864,1
resnet18,0.5,SQuaRE,layer1.1.conv2,INT6__dense,6,6,dense,0.1875,36864,1
resnet18,0.5,SQuaRE,layer2.0.conv1,INT6__dense,6,6,dense,0.1875,73728,1
resnet18,0.5,SQuaRE,layer2.0.conv2,INT6__dense,6,6,dense,0.1875,147456,1
resnet18,0.5,SQuaRE,layer2.0.downsample.0,INT6__dense,6,6,dense,0.1875,8192,1
resnet18,0.5,SQuaRE,layer2.1.conv1,INT8__dense,8,8,dense,0.25,147456,1
resnet18,0.5,SQuaRE,layer2.1.conv2,INT6__dense,6,6,dense,0.1875,147456,1
resnet18,0.5,SQuaRE,layer3.0.conv1,INT6__dense,6,6,dense,0.1875,294912,1
resnet18,0.5,SQuaRE,layer3.0.conv2,INT6__dense,6,6,dense,0.1875,589824,1
resnet18,0.5,SQuaRE,layer3.0.downsample.0,INT6__3to8,6,6,3to8,0.0703125,32768,0.375
resnet18,0.5,SQuaRE,layer3.1.conv1,INT6__dense,6,6,dense,0.1875,589824,1
resnet18,0.5,SQuaRE,layer3.1.conv2,INT6__dense,6,6,dense,0.1875,589824,1
resnet18,0.5,SQuaRE,layer4.0.conv1,INT6__dense,6,6,dense,0.1875,1179648,1
resnet18,0.5,SQuaRE,layer4.0.conv2,INT6__4to8,6,6,4to8,0.09375,2359296,0.5
resnet18,0.5,SQuaRE,layer4.0.downsample.0,INT6__dense,6,6,dense,0.1875,131072,1
resnet18,0.5,SQuaRE,layer4.1.conv1,INT6__2to4,6,6,2to4,0.09375,2359296,0.5
resnet18,0.5,SQuaRE,layer4.1.conv2,INT6__dense,6,6,dense,0.1875,2359296,1
resnet18,0.5,OBC-block256,layer1.0.conv1,INT8__3to8,8,8,3to8,0.09375,36864,0.375
resnet18,0.5,OBC-block256,layer1.0.conv2,INT8__3to8,8,8,3to8,0.09375,36864,0.375
resnet18,0.5,OBC-block256,layer1.1.conv1,INT6__3to8,6,6,3to8,0.0703125,36864,0.375
resnet18,0.5,OBC-block256,layer1.1.conv2,INT8__4to8,8,8,4to8,0.125,36864,0.5
resnet18,0.5,OBC-block256,layer2.0.conv1,INT8__4to8,8,8,4to8,0.125,73728,0.5
resnet18,0.5,OBC-block256,layer2.0.conv2,INT8__4to8,8,8,4to8,0.125,147456,0.5
resnet18,0.5,OBC-block256,layer2.0.downsample.0,INT8__4to8,8,8,4to8,0.125,8192,0.5
resnet18,0.5,OBC-block256,layer2.1.conv1,INT8__4to8,8,8,4to8,0.125,147456,0.5
resnet18,0.5,OBC-block256,layer2.1.conv2,INT8__dense,8,8,dense,0.25,147456,1
resnet18,0.5,OBC-block256,layer3.0.conv1,INT8__4to8,8,8,4to8,0.125,294912,0.5
resnet18,0.5,OBC-block256,layer3.0.conv2,INT8__4to8,8,8,4to8,0.125,589824,0.5
resnet18,0.5,OBC-block256,layer3.0.downsample.0,INT8__dense,8,8,dense,0.25,32768,1
resnet18,0.5,OBC-block256,layer3.1.conv1,INT8__4to8,8,8,4to8,0.125,589824,0.5
resnet18,0.5,OBC-block256,layer3.1.conv2,INT8__dense,8,8,dense,0.25,589824,1
resnet18,0.5,OBC-block256,layer4.0.conv1,INT8__4to8,8,8,4to8,0.125,1179648,0.5
resnet18,0.5,OBC-block256,layer4.0.conv2,INT8__dense,8,8,dense,0.25,2359296,1
resnet18,0.5,OBC-block256,layer4.0.downsample.0,INT8__dense,8,8,dense,0.25,131072,1
resnet18,0.5,OBC-block256,layer4.1.conv1,INT8__4to8,8,8,4to8,0.125,2359296,0.5
resnet18,0.5,OBC-block256,layer4.1.conv2,INT8__4to8,8,8,4to8,0.125,2359296,0.5
resnet18,0.5,SparseGPT-adapted,layer1.0.conv1,INT8__3to8,8,8,3to8,0.09375,36864,0.375
resnet18,0.5,SparseGPT-adapted,layer1.0.conv2,INT8__4to8,8,8,4to8,0.125,36864,0.5
resnet18,0.5,SparseGPT-adapted,layer1.1.conv1,INT8__4to8,8,8,4to8,0.125,36864,0.5
resnet18,0.5,SparseGPT-adapted,layer1.1.conv2,INT8__dense,8,8,dense,0.25,36864,1
resnet18,0.5,SparseGPT-adapted,layer2.0.conv1,INT8__dense,8,8,dense,0.25,73728,1
resnet18,0.5,SparseGPT-adapted,layer2.0.conv2,INT6__dense,6,6,dense,0.1875,147456,1
resnet18,0.5,SparseGPT-adapted,layer2.0.downsample.0,INT8__dense,8,8,dense,0.25,8192,1
resnet18,0.5,SparseGPT-adapted,layer2.1.conv1,INT8__4to8,8,8,4to8,0.125,147456,0.5
resnet18,0.5,SparseGPT-adapted,layer2.1.conv2,INT8__dense,8,8,dense,0.25,147456,1
resnet18,0.5,SparseGPT-adapted,layer3.0.conv1,INT8__dense,8,8,dense,0.25,294912,1
resnet18,0.5,SparseGPT-adapted,layer3.0.conv2,INT8__dense,8,8,dense,0.25,589824,1
resnet18,0.5,SparseGPT-adapted,layer3.0.downsample.0,INT8__dense,8,8,dense,0.25,32768,1
resnet18,0.5,SparseGPT-adapted,layer3.1.conv1,INT8__4to8,8,8,4to8,0.125,589824,0.5
resnet18,0.5,SparseGPT-adapted,layer3.1.conv2,INT8__dense,8,8,dense,0.25,589824,1
resnet18,0.5,SparseGPT-adapted,layer4.0.conv1,INT8__4to8,8,8,4to8,0.125,1179648,0.5
resnet18,0.5,SparseGPT-adapted,layer4.0.conv2,INT8__dense,8,8,dense,0.25,2359296,1
resnet18,0.5,SparseGPT-adapted,layer4.0.downsample.0,INT8__dense,8,8,dense,0.25,131072,1
resnet18,0.5,SparseGPT-adapted,layer4.1.conv1,INT8__4to8,8,8,4to8,0.125,2359296,0.5
resnet18,0.5,SparseGPT-adapted,layer4.1.conv2,INT8__dense,8,8,dense,0.25,2359296,1
resnet18,1.0,SQuaRE,layer1.0.conv1,INT8__dense,8,8,dense,0.25,36864,1
resnet18,1.0,SQuaRE,layer1.0.conv2,INT6__dense,6,6,dense,0.1875,36864,1
resnet18,1.0,SQuaRE,layer1.1.conv1,INT8__dense,8,8,dense,0.25,36864,1
resnet18,1.0,SQuaRE,layer1.1.conv2,INT8__dense,8,8,dense,0.25,36864,1
resnet18,1.0,SQuaRE,layer2.0.conv1,INT6__dense,6,6,dense,0.1875,73728,1
resnet18,1.0,SQuaRE,layer2.0.conv2,INT6__dense,6,6,dense,0.1875,147456,1
resnet18,1.0,SQuaRE,layer2.0.downsample.0,INT6__dense,6,6,dense,0.1875,8192,1
resnet18,1.0,SQuaRE,layer2.1.conv1,INT6__dense,6,6,dense,0.1875,147456,1
resnet18,1.0,SQuaRE,layer2.1.conv2,INT6__dense,6,6,dense,0.1875,147456,1
resnet18,1.0,SQuaRE,layer3.0.conv1,INT6__dense,6,6,dense,0.1875,294912,1
resnet18,1.0,SQuaRE,layer3.0.conv2,INT8__4to8,8,8,4to8,0.125,589824,0.5
resnet18,1.0,SQuaRE,layer3.0.downsample.0,INT6__3to8,6,6,3to8,0.0703125,32768,0.375
resnet18,1.0,SQuaRE,layer3.1.conv1,INT8__dense,8,8,dense,0.25,589824,1
resnet18,1.0,SQuaRE,layer3.1.conv2,INT8__dense,8,8,dense,0.25,589824,1
resnet18,1.0,SQuaRE,layer4.0.conv1,INT8__dense,8,8,dense,0.25,1179648,1
resnet18,1.0,SQuaRE,layer4.0.conv2,INT8__4to8,8,8,4to8,0.125,2359296,0.5
resnet18,1.0,SQuaRE,layer4.0.downsample.0,INT8__dense,8,8,dense,0.25,131072,1
resnet18,1.0,SQuaRE,layer4.1.conv1,INT6__2to4,6,6,2to4,0.09375,2359296,0.5
resnet18,1.0,SQuaRE,layer4.1.conv2,INT8__4to8,8,8,4to8,0.125,2359296,0.5
resnet18,1.0,OBC-block256,layer1.0.conv1,INT8__3to8,8,8,3to8,0.09375,36864,0.375
resnet18,1.0,OBC-block256,layer1.0.conv2,INT8__3to8,8,8,3to8,0.09375,36864,0.375
resnet18,1.0,OBC-block256,layer1.1.conv1,INT6__3to8,6,6,3to8,0.0703125,36864,0.375
resnet18,1.0,OBC-block256,layer1.1.conv2,INT8__4to8,8,8,4to8,0.125,36864,0.5
resnet18,1.0,OBC-block256,layer2.0.conv1,INT8__4to8,8,8,4to8,0.125,73728,0.5
resnet18,1.0,OBC-block256,layer2.0.conv2,INT8__4to8,8,8,4to8,0.125,147456,0.5
resnet18,1.0,OBC-block256,layer2.0.downsample.0,INT8__4to8,8,8,4to8,0.125,8192,0.5
resnet18,1.0,OBC-block256,layer2.1.conv1,INT8__4to8,8,8,4to8,0.125,147456,0.5
resnet18,1.0,OBC-block256,layer2.1.conv2,INT8__dense,8,8,dense,0.25,147456,1
resnet18,1.0,OBC-block256,layer3.0.conv1,INT8__4to8,8,8,4to8,0.125,294912,0.5
resnet18,1.0,OBC-block256,layer3.0.conv2,INT8__4to8,8,8,4to8,0.125,589824,0.5
resnet18,1.0,OBC-block256,layer3.0.downsample.0,INT8__dense,8,8,dense,0.25,32768,1
resnet18,1.0,OBC-block256,layer3.1.conv1,INT8__4to8,8,8,4to8,0.125,589824,0.5
resnet18,1.0,OBC-block256,layer3.1.conv2,INT8__dense,8,8,dense,0.25,589824,1
resnet18,1.0,OBC-block256,layer4.0.conv1,INT8__4to8,8,8,4to8,0.125,1179648,0.5
resnet18,1.0,OBC-block256,layer4.0.conv2,INT8__dense,8,8,dense,0.25,2359296,1
resnet18,1.0,OBC-block256,layer4.0.downsample.0,INT8__dense,8,8,dense,0.25,131072,1
resnet18,1.0,OBC-block256,layer4.1.conv1,INT8__4to8,8,8,4to8,0.125,2359296,0.5
resnet18,1.0,OBC-block256,layer4.1.conv2,INT8__4to8,8,8,4to8,0.125,2359296,0.5
resnet18,1.0,SparseGPT-adapted,layer1.0.conv1,INT8__3to8,8,8,3to8,0.09375,36864,0.375
resnet18,1.0,SparseGPT-adapted,layer1.0.conv2,INT8__4to8,8,8,4to8,0.125,36864,0.5
resnet18,1.0,SparseGPT-adapted,layer1.1.conv1,INT8__4to8,8,8,4to8,0.125,36864,0.5
resnet18,1.0,SparseGPT-adapted,layer1.1.conv2,INT8__dense,8,8,dense,0.25,36864,1
resnet18,1.0,SparseGPT-adapted,layer2.0.conv1,INT8__dense,8,8,dense,0.25,73728,1
resnet18,1.0,SparseGPT-adapted,layer2.0.conv2,INT6__dense,6,6,dense,0.1875,147456,1
resnet18,1.0,SparseGPT-adapted,layer2.0.downsample.0,INT8__dense,8,8,dense,0.25,8192,1
resnet18,1.0,SparseGPT-adapted,layer2.1.conv1,INT8__4to8,8,8,4to8,0.125,147456,0.5
resnet18,1.0,SparseGPT-adapted,layer2.1.conv2,INT8__dense,8,8,dense,0.25,147456,1
resnet18,1.0,SparseGPT-adapted,layer3.0.conv1,INT8__dense,8,8,dense,0.25,294912,1
resnet18,1.0,SparseGPT-adapted,layer3.0.conv2,INT8__dense,8,8,dense,0.25,589824,1
resnet18,1.0,SparseGPT-adapted,layer3.0.downsample.0,INT8__dense,8,8,dense,0.25,32768,1
resnet18,1.0,SparseGPT-adapted,layer3.1.conv1,INT8__4to8,8,8,4to8,0.125,589824,0.5
resnet18,1.0,SparseGPT-adapted,layer3.1.conv2,INT8__dense,8,8,dense,0.25,589824,1
resnet18,1.0,SparseGPT-adapted,layer4.0.conv1,INT8__4to8,8,8,4to8,0.125,1179648,0.5
resnet18,1.0,SparseGPT-adapted,layer4.0.conv2,INT8__dense,8,8,dense,0.25,2359296,1
resnet18,1.0,SparseGPT-adapted,layer4.0.downsample.0,INT8__dense,8,8,dense,0.25,131072,1
resnet18,1.0,SparseGPT-adapted,layer4.1.conv1,INT8__4to8,8,8,4to8,0.125,2359296,0.5
resnet18,1.0,SparseGPT-adapted,layer4.1.conv2,INT8__dense,8,8,dense,0.25,2359296,1
