model,layer_index,target_layer,configuration,quantization,weight_bits,activation_bits,sparsity_configuration,n,m,actual_weight_sparsity,top1,top5,top1_drop_pp,top5_drop_pp,runtime_seconds,only_target_layer_compressed,status,source_file
deit_tiny_imagenetv2,0,blocks.0.attn.qkv,INT8__dense,INT8,8,8,dense,,,0.0,59.85,82.67,-0.03999999999999915,0.01999999999999602,18.68595616146922,True,succeeded,/storage/users/pdarbani/Mehrshad/Transformer/v4.0/pretrained-isolation-framework/outputs/imagenetv2/deit_tiny/deit_tiny_imagenetv2_layerwise.json
deit_tiny_imagenetv2,1,blocks.0.attn.proj,INT8__dense,INT8,8,8,dense,,,0.0,59.75,82.71,0.060000000000002274,-0.01999999999999602,16.47893097065389,True,succeeded,/storage/users/pdarbani/Mehrshad/Transformer/v4.0/pretrained-isolation-framework/outputs/imagenetv2/deit_tiny/deit_tiny_imagenetv2_layerwise.json
deit_tiny_imagenetv2,2,blocks.0.mlp.fc1,INT8__dense,INT8,8,8,dense,,,0.0,59.96,82.82,-0.14999999999999858,-0.12999999999999545,16.462682649493217,True,succeeded,/storage/users/pdarbani/Mehrshad/Transformer/v4.0/pretrained-isolation-framework/outputs/imagenetv2/deit_tiny/deit_tiny_imagenetv2_layerwise.json
deit_tiny_imagenetv2,3,blocks.0.mlp.fc2,INT8__dense,INT8,8,8,dense,,,0.0,59.45,82.47,0.35999999999999943,0.21999999999999886,16.74580138362944,True,succeeded,/storage/users/pdarbani/Mehrshad/Transformer/v4.0/pretrained-isolation-framework/outputs/imagenetv2/deit_tiny/deit_tiny_imagenetv2_layerwise.json
deit_tiny_imagenetv2,4,blocks.1.attn.qkv,INT6__dense,INT6,6,6,dense,,,0.0,59.85,82.67,-0.03999999999999915,0.01999999999999602,16.750747153535485,True,succeeded,/storage/users/pdarbani/Mehrshad/Transformer/v4.0/pretrained-isolation-framework/outputs/imagenetv2/deit_tiny/deit_tiny_imagenetv2_layerwise.json
deit_tiny_imagenetv2,5,blocks.1.attn.proj,INT6__dense,INT6,6,6,dense,,,0.0,59.85,82.72,-0.03999999999999915,-0.030000000000001137,16.097378220409155,True,succeeded,/storage/users/pdarbani/Mehrshad/Transformer/v4.0/pretrained-isolation-framework/outputs/imagenetv2/deit_tiny/deit_tiny_imagenetv2_layerwise.json
deit_tiny_imagenetv2,6,blocks.1.mlp.fc1,INT8__dense,INT8,8,8,dense,,,0.0,59.77,82.75,0.03999999999999915,-0.060000000000002274,15.552038246765733,True,succeeded,/storage/users/pdarbani/Mehrshad/Transformer/v4.0/pretrained-isolation-framework/outputs/imagenetv2/deit_tiny/deit_tiny_imagenetv2_layerwise.json
deit_tiny_imagenetv2,7,blocks.1.mlp.fc2,INT8__dense,INT8,8,8,dense,,,0.0,59.62,82.71,0.19000000000000483,-0.01999999999999602,15.656806731596589,True,succeeded,/storage/users/pdarbani/Mehrshad/Transformer/v4.0/pretrained-isolation-framework/outputs/imagenetv2/deit_tiny/deit_tiny_imagenetv2_layerwise.json
deit_tiny_imagenetv2,8,blocks.2.attn.qkv,INT6__dense,INT6,6,6,dense,,,0.0,59.92,82.66,-0.10999999999999943,0.030000000000001137,15.340757980942726,True,succeeded,/storage/users/pdarbani/Mehrshad/Transformer/v4.0/pretrained-isolation-framework/outputs/imagenetv2/deit_tiny/deit_tiny_imagenetv2_layerwise.json
deit_tiny_imagenetv2,9,blocks.2.attn.proj,INT6__dense,INT6,6,6,dense,,,0.0,59.9,82.79,-0.0899999999999963,-0.10000000000000853,15.735413901507854,True,succeeded,/storage/users/pdarbani/Mehrshad/Transformer/v4.0/pretrained-isolation-framework/outputs/imagenetv2/deit_tiny/deit_tiny_imagenetv2_layerwise.json
deit_tiny_imagenetv2,10,blocks.2.mlp.fc1,INT6__dense,INT6,6,6,dense,,,0.0,59.85,82.68,-0.03999999999999915,0.009999999999990905,15.59080109745264,True,succeeded,/storage/users/pdarbani/Mehrshad/Transformer/v4.0/pretrained-isolation-framework/outputs/imagenetv2/deit_tiny/deit_tiny_imagenetv2_layerwise.json
deit_tiny_imagenetv2,11,blocks.2.mlp.fc2,INT8__dense,INT8,8,8,dense,,,0.0,59.76,82.74,0.05000000000000426,-0.04999999999999716,15.65782868489623,True,succeeded,/storage/users/pdarbani/Mehrshad/Transformer/v4.0/pretrained-isolation-framework/outputs/imagenetv2/deit_tiny/deit_tiny_imagenetv2_layerwise.json
deit_tiny_imagenetv2,12,blocks.3.attn.qkv,INT6__dense,INT6,6,6,dense,,,0.0,59.83,82.7,-0.01999999999999602,-0.010000000000005116,15.490298500284553,True,succeeded,/storage/users/pdarbani/Mehrshad/Transformer/v4.0/pretrained-isolation-framework/outputs/imagenetv2/deit_tiny/deit_tiny_imagenetv2_layerwise.json
deit_tiny_imagenetv2,13,blocks.3.attn.proj,INT6__dense,INT6,6,6,dense,,,0.0,59.81,82.73,0.0,-0.04000000000000625,15.344369096681476,True,succeeded,/storage/users/pdarbani/Mehrshad/Transformer/v4.0/pretrained-isolation-framework/outputs/imagenetv2/deit_tiny/deit_tiny_imagenetv2_layerwise.json
deit_tiny_imagenetv2,14,blocks.3.mlp.fc1,INT8__dense,INT8,8,8,dense,,,0.0,59.82,82.67,-0.00999999999999801,0.01999999999999602,15.441100757569075,True,succeeded,/storage/users/pdarbani/Mehrshad/Transformer/v4.0/pretrained-isolation-framework/outputs/imagenetv2/deit_tiny/deit_tiny_imagenetv2_layerwise.json
deit_tiny_imagenetv2,15,blocks.3.mlp.fc2,INT8__dense,INT8,8,8,dense,,,0.0,59.83,82.7,-0.01999999999999602,-0.010000000000005116,15.508534016087651,True,succeeded,/storage/users/pdarbani/Mehrshad/Transformer/v4.0/pretrained-isolation-framework/outputs/imagenetv2/deit_tiny/deit_tiny_imagenetv2_layerwise.json
deit_tiny_imagenetv2,16,blocks.4.attn.qkv,INT6__dense,INT6,6,6,dense,,,0.0,59.8,82.7,0.010000000000005116,-0.010000000000005116,15.73604061640799,True,succeeded,/storage/users/pdarbani/Mehrshad/Transformer/v4.0/pretrained-isolation-framework/outputs/imagenetv2/deit_tiny/deit_tiny_imagenetv2_layerwise.json
deit_tiny_imagenetv2,17,blocks.4.attn.proj,INT6__dense,INT6,6,6,dense,,,0.0,59.84,82.71,-0.030000000000001137,-0.01999999999999602,15.639802072197199,True,succeeded,/storage/users/pdarbani/Mehrshad/Transformer/v4.0/pretrained-isolation-framework/outputs/imagenetv2/deit_tiny/deit_tiny_imagenetv2_layerwise.json
deit_tiny_imagenetv2,18,blocks.4.mlp.fc1,INT8__dense,INT8,8,8,dense,,,0.0,59.79,82.68,0.020000000000003126,0.009999999999990905,16.547244695946574,True,succeeded,/storage/users/pdarbani/Mehrshad/Transformer/v4.0/pretrained-isolation-framework/outputs/imagenetv2/deit_tiny/deit_tiny_imagenetv2_layerwise.json
deit_tiny_imagenetv2,19,blocks.4.mlp.fc2,INT8__dense,INT8,8,8,dense,,,0.0,59.73,82.81,0.0800000000000054,-0.12000000000000455,16.40725621767342,True,succeeded,/storage/users/pdarbani/Mehrshad/Transformer/v4.0/pretrained-isolation-framework/outputs/imagenetv2/deit_tiny/deit_tiny_imagenetv2_layerwise.json
deit_tiny_imagenetv2,20,blocks.5.attn.qkv,INT6__dense,INT6,6,6,dense,,,0.0,59.85,82.75,-0.03999999999999915,-0.060000000000002274,16.378502897918224,True,succeeded,/storage/users/pdarbani/Mehrshad/Transformer/v4.0/pretrained-isolation-framework/outputs/imagenetv2/deit_tiny/deit_tiny_imagenetv2_layerwise.json
deit_tiny_imagenetv2,21,blocks.5.attn.proj,INT6__dense,INT6,6,6,dense,,,0.0,59.79,82.79,0.020000000000003126,-0.10000000000000853,16.120530851185322,True,succeeded,/storage/users/pdarbani/Mehrshad/Transformer/v4.0/pretrained-isolation-framework/outputs/imagenetv2/deit_tiny/deit_tiny_imagenetv2_layerwise.json
deit_tiny_imagenetv2,22,blocks.5.mlp.fc1,INT6__dense,INT6,6,6,dense,,,0.0,59.81,82.69,0.0,0.0,16.989034820348024,True,succeeded,/storage/users/pdarbani/Mehrshad/Transformer/v4.0/pretrained-isolation-framework/outputs/imagenetv2/deit_tiny/deit_tiny_imagenetv2_layerwise.json
deit_tiny_imagenetv2,23,blocks.5.mlp.fc2,INT8__dense,INT8,8,8,dense,,,0.0,59.78,82.79,0.030000000000001137,-0.10000000000000853,15.964469145983458,True,succeeded,/storage/users/pdarbani/Mehrshad/Transformer/v4.0/pretrained-isolation-framework/outputs/imagenetv2/deit_tiny/deit_tiny_imagenetv2_layerwise.json
deit_tiny_imagenetv2,24,blocks.6.attn.qkv,INT6__dense,INT6,6,6,dense,,,0.0,59.87,82.71,-0.05999999999999517,-0.01999999999999602,16.21374211832881,True,succeeded,/storage/users/pdarbani/Mehrshad/Transformer/v4.0/pretrained-isolation-framework/outputs/imagenetv2/deit_tiny/deit_tiny_imagenetv2_layerwise.json
deit_tiny_imagenetv2,25,blocks.6.attn.proj,INT6__dense,INT6,6,6,dense,,,0.0,59.77,82.69,0.03999999999999915,0.0,16.89275448396802,True,succeeded,/storage/users/pdarbani/Mehrshad/Transformer/v4.0/pretrained-isolation-framework/outputs/imagenetv2/deit_tiny/deit_tiny_imagenetv2_layerwise.json
deit_tiny_imagenetv2,26,blocks.6.mlp.fc1,INT6__dense,INT6,6,6,dense,,,0.0,59.71,82.73,0.10000000000000142,-0.04000000000000625,16.15258535183966,True,succeeded,/storage/users/pdarbani/Mehrshad/Transformer/v4.0/pretrained-isolation-framework/outputs/imagenetv2/deit_tiny/deit_tiny_imagenetv2_layerwise.json
deit_tiny_imagenetv2,27,blocks.6.mlp.fc2,INT8__dense,INT8,8,8,dense,,,0.0,59.77,82.76,0.03999999999999915,-0.07000000000000739,15.85003444366157,True,succeeded,/storage/users/pdarbani/Mehrshad/Transformer/v4.0/pretrained-isolation-framework/outputs/imagenetv2/deit_tiny/deit_tiny_imagenetv2_layerwise.json
deit_tiny_imagenetv2,28,blocks.7.attn.qkv,INT8__dense,INT8,8,8,dense,,,0.0,59.83,82.7,-0.01999999999999602,-0.010000000000005116,16.100835414603353,True,succeeded,/storage/users/pdarbani/Mehrshad/Transformer/v4.0/pretrained-isolation-framework/outputs/imagenetv2/deit_tiny/deit_tiny_imagenetv2_layerwise.json
deit_tiny_imagenetv2,29,blocks.7.attn.proj,INT6__dense,INT6,6,6,dense,,,0.0,59.86,82.62,-0.04999999999999716,0.06999999999999318,16.2943892814219,True,succeeded,/storage/users/pdarbani/Mehrshad/Transformer/v4.0/pretrained-isolation-framework/outputs/imagenetv2/deit_tiny/deit_tiny_imagenetv2_layerwise.json
deit_tiny_imagenetv2,30,blocks.7.mlp.fc1,INT8__dense,INT8,8,8,dense,,,0.0,59.77,82.68,0.03999999999999915,0.009999999999990905,15.957007493823767,True,succeeded,/storage/users/pdarbani/Mehrshad/Transformer/v4.0/pretrained-isolation-framework/outputs/imagenetv2/deit_tiny/deit_tiny_imagenetv2_layerwise.json
deit_tiny_imagenetv2,31,blocks.7.mlp.fc2,INT8__dense,INT8,8,8,dense,,,0.0,59.83,82.69,-0.01999999999999602,0.0,16.440253905951977,True,succeeded,/storage/users/pdarbani/Mehrshad/Transformer/v4.0/pretrained-isolation-framework/outputs/imagenetv2/deit_tiny/deit_tiny_imagenetv2_layerwise.json
deit_tiny_imagenetv2,32,blocks.8.attn.qkv,INT8__dense,INT8,8,8,dense,,,0.0,59.8,82.7,0.010000000000005116,-0.010000000000005116,16.27773416787386,True,succeeded,/storage/users/pdarbani/Mehrshad/Transformer/v4.0/pretrained-isolation-framework/outputs/imagenetv2/deit_tiny/deit_tiny_imagenetv2_layerwise.json
deit_tiny_imagenetv2,33,blocks.8.attn.proj,INT8__dense,INT8,8,8,dense,,,0.0,59.83,82.69,-0.01999999999999602,0.0,16.143974533304572,True,succeeded,/storage/users/pdarbani/Mehrshad/Transformer/v4.0/pretrained-isolation-framework/outputs/imagenetv2/deit_tiny/deit_tiny_imagenetv2_layerwise.json
deit_tiny_imagenetv2,34,blocks.8.mlp.fc1,INT8__dense,INT8,8,8,dense,,,0.0,59.8,82.71,0.010000000000005116,-0.01999999999999602,16.01346836797893,True,succeeded,/storage/users/pdarbani/Mehrshad/Transformer/v4.0/pretrained-isolation-framework/outputs/imagenetv2/deit_tiny/deit_tiny_imagenetv2_layerwise.json
deit_tiny_imagenetv2,35,blocks.8.mlp.fc2,INT8__dense,INT8,8,8,dense,,,0.0,59.91,82.69,-0.09999999999999432,0.0,15.551119623705745,True,succeeded,/storage/users/pdarbani/Mehrshad/Transformer/v4.0/pretrained-isolation-framework/outputs/imagenetv2/deit_tiny/deit_tiny_imagenetv2_layerwise.json
deit_tiny_imagenetv2,36,blocks.9.attn.qkv,INT8__dense,INT8,8,8,dense,,,0.0,59.78,82.73,0.030000000000001137,-0.04000000000000625,15.515706274658442,True,succeeded,/storage/users/pdarbani/Mehrshad/Transformer/v4.0/pretrained-isolation-framework/outputs/imagenetv2/deit_tiny/deit_tiny_imagenetv2_layerwise.json
deit_tiny_imagenetv2,37,blocks.9.attn.proj,INT8__dense,INT8,8,8,dense,,,0.0,59.8,82.68,0.010000000000005116,0.009999999999990905,16.023712804540992,True,succeeded,/storage/users/pdarbani/Mehrshad/Transformer/v4.0/pretrained-isolation-framework/outputs/imagenetv2/deit_tiny/deit_tiny_imagenetv2_layerwise.json
deit_tiny_imagenetv2,38,blocks.9.mlp.fc1,INT8__dense,INT8,8,8,dense,,,0.0,59.79,82.75,0.020000000000003126,-0.060000000000002274,15.139840215444565,True,succeeded,/storage/users/pdarbani/Mehrshad/Transformer/v4.0/pretrained-isolation-framework/outputs/imagenetv2/deit_tiny/deit_tiny_imagenetv2_layerwise.json
deit_tiny_imagenetv2,39,blocks.9.mlp.fc2,FP32__2to4,FP32,32,32,2to4,2,4,0.5,59.75,82.54,0.060000000000002274,0.14999999999999147,15.64147831313312,True,succeeded,/storage/users/pdarbani/Mehrshad/Transformer/v4.0/pretrained-isolation-framework/outputs/imagenetv2/deit_tiny/deit_tiny_imagenetv2_layerwise.json
deit_tiny_imagenetv2,40,blocks.10.attn.qkv,INT8__dense,INT8,8,8,dense,,,0.0,59.81,82.69,0.0,0.0,15.603262921795249,True,succeeded,/storage/users/pdarbani/Mehrshad/Transformer/v4.0/pretrained-isolation-framework/outputs/imagenetv2/deit_tiny/deit_tiny_imagenetv2_layerwise.json
deit_tiny_imagenetv2,41,blocks.10.attn.proj,INT6__dense,INT6,6,6,dense,,,0.0,59.8,82.61,0.010000000000005116,0.0799999999999983,15.350067196413875,True,succeeded,/storage/users/pdarbani/Mehrshad/Transformer/v4.0/pretrained-isolation-framework/outputs/imagenetv2/deit_tiny/deit_tiny_imagenetv2_layerwise.json
deit_tiny_imagenetv2,42,blocks.10.mlp.fc1,FP32__2to4,FP32,32,32,2to4,2,4,0.5,59.84,82.76,-0.030000000000001137,-0.07000000000000739,15.482275102287531,True,succeeded,/storage/users/pdarbani/Mehrshad/Transformer/v4.0/pretrained-isolation-framework/outputs/imagenetv2/deit_tiny/deit_tiny_imagenetv2_layerwise.json
deit_tiny_imagenetv2,43,blocks.10.mlp.fc2,INT8__dense,INT8,8,8,dense,,,0.0,59.79,82.65,0.020000000000003126,0.03999999999999204,15.555942952632904,True,succeeded,/storage/users/pdarbani/Mehrshad/Transformer/v4.0/pretrained-isolation-framework/outputs/imagenetv2/deit_tiny/deit_tiny_imagenetv2_layerwise.json
deit_tiny_imagenetv2,44,blocks.11.attn.qkv,INT8__dense,INT8,8,8,dense,,,0.0,59.82,82.71,-0.00999999999999801,-0.01999999999999602,15.472955979406834,True,succeeded,/storage/users/pdarbani/Mehrshad/Transformer/v4.0/pretrained-isolation-framework/outputs/imagenetv2/deit_tiny/deit_tiny_imagenetv2_layerwise.json
deit_tiny_imagenetv2,45,blocks.11.attn.proj,INT8__dense,INT8,8,8,dense,,,0.0,59.78,82.72,0.030000000000001137,-0.030000000000001137,15.695255374535918,True,succeeded,/storage/users/pdarbani/Mehrshad/Transformer/v4.0/pretrained-isolation-framework/outputs/imagenetv2/deit_tiny/deit_tiny_imagenetv2_layerwise.json
deit_tiny_imagenetv2,46,blocks.11.mlp.fc1,INT8__dense,INT8,8,8,dense,,,0.0,59.83,82.67,-0.01999999999999602,0.01999999999999602,15.633801322430372,True,succeeded,/storage/users/pdarbani/Mehrshad/Transformer/v4.0/pretrained-isolation-framework/outputs/imagenetv2/deit_tiny/deit_tiny_imagenetv2_layerwise.json
deit_tiny_imagenetv2,47,blocks.11.mlp.fc2,INT4__dense,INT4,4,4,dense,,,0.0,59.77,82.45,0.03999999999999915,0.23999999999999488,15.377762265503407,True,succeeded,/storage/users/pdarbani/Mehrshad/Transformer/v4.0/pretrained-isolation-framework/outputs/imagenetv2/deit_tiny/deit_tiny_imagenetv2_layerwise.json
resnet18_imagenetv2,0,layer1.0.conv1,INT8__dense,INT8,8,8,dense,,,0.0,59.22,81.0,0.1600000000000037,-0.06999999999999318,14.555028634145856,True,succeeded,/storage/users/pdarbani/Mehrshad/Transformer/v4.0/pretrained-isolation-framework/outputs/imagenetv2/resnet18/resnet18_imagenetv2_layerwise.json
resnet18_imagenetv2,1,layer1.0.conv2,INT8__dense,INT8,8,8,dense,,,0.0,59.39,81.03,-0.00999999999999801,-0.09999999999999432,14.46461751498282,True,succeeded,/storage/users/pdarbani/Mehrshad/Transformer/v4.0/pretrained-isolation-framework/outputs/imagenetv2/resnet18/resnet18_imagenetv2_layerwise.json
resnet18_imagenetv2,2,layer1.1.conv1,INT8__dense,INT8,8,8,dense,,,0.0,59.26,81.0,0.12000000000000455,-0.06999999999999318,14.493505161255598,True,succeeded,/storage/users/pdarbani/Mehrshad/Transformer/v4.0/pretrained-isolation-framework/outputs/imagenetv2/resnet18/resnet18_imagenetv2_layerwise.json
resnet18_imagenetv2,3,layer1.1.conv2,INT8__dense,INT8,8,8,dense,,,0.0,59.3,80.97,0.0800000000000054,-0.03999999999999204,14.44609908759594,True,succeeded,/storage/users/pdarbani/Mehrshad/Transformer/v4.0/pretrained-isolation-framework/outputs/imagenetv2/resnet18/resnet18_imagenetv2_layerwise.json
resnet18_imagenetv2,4,layer2.0.conv1,INT8__dense,INT8,8,8,dense,,,0.0,59.32,81.04,0.060000000000002274,-0.10999999999999943,14.302153214812279,True,succeeded,/storage/users/pdarbani/Mehrshad/Transformer/v4.0/pretrained-isolation-framework/outputs/imagenetv2/resnet18/resnet18_imagenetv2_layerwise.json
resnet18_imagenetv2,5,layer2.0.conv2,INT8__dense,INT8,8,8,dense,,,0.0,59.31,80.99,0.07000000000000028,-0.05999999999998806,14.45579863153398,True,succeeded,/storage/users/pdarbani/Mehrshad/Transformer/v4.0/pretrained-isolation-framework/outputs/imagenetv2/resnet18/resnet18_imagenetv2_layerwise.json
resnet18_imagenetv2,6,layer2.0.downsample.0,INT8__dense,INT8,8,8,dense,,,0.0,59.22,80.9,0.1600000000000037,0.030000000000001137,14.326695080846548,True,succeeded,/storage/users/pdarbani/Mehrshad/Transformer/v4.0/pretrained-isolation-framework/outputs/imagenetv2/resnet18/resnet18_imagenetv2_layerwise.json
resnet18_imagenetv2,7,layer2.1.conv1,INT8__dense,INT8,8,8,dense,,,0.0,59.27,80.98,0.10999999999999943,-0.04999999999999716,14.412424188107252,True,succeeded,/storage/users/pdarbani/Mehrshad/Transformer/v4.0/pretrained-isolation-framework/outputs/imagenetv2/resnet18/resnet18_imagenetv2_layerwise.json
resnet18_imagenetv2,8,layer2.1.conv2,INT6__dense,INT6,6,6,dense,,,0.0,59.4,80.95,-0.01999999999999602,-0.01999999999999602,14.316780149936676,True,succeeded,/storage/users/pdarbani/Mehrshad/Transformer/v4.0/pretrained-isolation-framework/outputs/imagenetv2/resnet18/resnet18_imagenetv2_layerwise.json
resnet18_imagenetv2,9,layer3.0.conv1,INT8__dense,INT8,8,8,dense,,,0.0,59.28,80.97,0.10000000000000142,-0.03999999999999204,14.395807506516576,True,succeeded,/storage/users/pdarbani/Mehrshad/Transformer/v4.0/pretrained-isolation-framework/outputs/imagenetv2/resnet18/resnet18_imagenetv2_layerwise.json
resnet18_imagenetv2,10,layer3.0.conv2,INT8__dense,INT8,8,8,dense,,,0.0,59.36,81.03,0.020000000000003126,-0.09999999999999432,14.566653372719884,True,succeeded,/storage/users/pdarbani/Mehrshad/Transformer/v4.0/pretrained-isolation-framework/outputs/imagenetv2/resnet18/resnet18_imagenetv2_layerwise.json
resnet18_imagenetv2,11,layer3.0.downsample.0,INT8__dense,INT8,8,8,dense,,,0.0,59.29,80.91,0.09000000000000341,0.020000000000010232,14.163862826302648,True,succeeded,/storage/users/pdarbani/Mehrshad/Transformer/v4.0/pretrained-isolation-framework/outputs/imagenetv2/resnet18/resnet18_imagenetv2_layerwise.json
resnet18_imagenetv2,12,layer3.1.conv1,INT8__dense,INT8,8,8,dense,,,0.0,59.35,80.93,0.030000000000001137,0.0,14.695061696693301,True,succeeded,/storage/users/pdarbani/Mehrshad/Transformer/v4.0/pretrained-isolation-framework/outputs/imagenetv2/resnet18/resnet18_imagenetv2_layerwise.json
resnet18_imagenetv2,13,layer3.1.conv2,INT8__dense,INT8,8,8,dense,,,0.0,59.32,81.04,0.060000000000002274,-0.10999999999999943,14.498705206438899,True,succeeded,/storage/users/pdarbani/Mehrshad/Transformer/v4.0/pretrained-isolation-framework/outputs/imagenetv2/resnet18/resnet18_imagenetv2_layerwise.json
resnet18_imagenetv2,14,layer4.0.conv1,INT8__dense,INT8,8,8,dense,,,0.0,59.38,80.94,0.0,-0.009999999999990905,14.29459440894425,True,succeeded,/storage/users/pdarbani/Mehrshad/Transformer/v4.0/pretrained-isolation-framework/outputs/imagenetv2/resnet18/resnet18_imagenetv2_layerwise.json
resnet18_imagenetv2,15,layer4.0.conv2,INT8__dense,INT8,8,8,dense,,,0.0,59.27,80.94,0.10999999999999943,-0.009999999999990905,14.534075681120157,True,succeeded,/storage/users/pdarbani/Mehrshad/Transformer/v4.0/pretrained-isolation-framework/outputs/imagenetv2/resnet18/resnet18_imagenetv2_layerwise.json
resnet18_imagenetv2,16,layer4.0.downsample.0,INT8__dense,INT8,8,8,dense,,,0.0,59.33,80.99,0.05000000000000426,-0.05999999999998806,14.288830656558275,True,succeeded,/storage/users/pdarbani/Mehrshad/Transformer/v4.0/pretrained-isolation-framework/outputs/imagenetv2/resnet18/resnet18_imagenetv2_layerwise.json
resnet18_imagenetv2,17,layer4.1.conv1,INT8__dense,INT8,8,8,dense,,,0.0,59.33,80.99,0.05000000000000426,-0.05999999999998806,14.629086550325155,True,succeeded,/storage/users/pdarbani/Mehrshad/Transformer/v4.0/pretrained-isolation-framework/outputs/imagenetv2/resnet18/resnet18_imagenetv2_layerwise.json
resnet18_imagenetv2,18,layer4.1.conv2,INT8__dense,INT8,8,8,dense,,,0.0,59.26,81.03,0.12000000000000455,-0.09999999999999432,14.239699939265847,True,succeeded,/storage/users/pdarbani/Mehrshad/Transformer/v4.0/pretrained-isolation-framework/outputs/imagenetv2/resnet18/resnet18_imagenetv2_layerwise.json
swin_tiny_imagenetv2,0,layers.0.blocks.0.attn.qkv,INT8__dense,INT8,8,8,dense,,,0.0,69.63,89.04,0.010000000000005116,0.029999999999986926,27.37208198569715,True,succeeded,/storage/users/pdarbani/Mehrshad/Transformer/v4.0/pretrained-isolation-framework/outputs/imagenetv2/swin_tiny/swin_tiny_imagenetv2_layerwise.json
swin_tiny_imagenetv2,1,layers.0.blocks.0.attn.proj,INT8__dense,INT8,8,8,dense,,,0.0,69.67,89.04,-0.030000000000001137,0.029999999999986926,27.48749934323132,True,succeeded,/storage/users/pdarbani/Mehrshad/Transformer/v4.0/pretrained-isolation-framework/outputs/imagenetv2/swin_tiny/swin_tiny_imagenetv2_layerwise.json
swin_tiny_imagenetv2,2,layers.0.blocks.0.mlp.fc1,INT8__dense,INT8,8,8,dense,,,0.0,69.65,89.11,-0.010000000000005116,-0.04000000000000625,28.14662649296224,True,succeeded,/storage/users/pdarbani/Mehrshad/Transformer/v4.0/pretrained-isolation-framework/outputs/imagenetv2/swin_tiny/swin_tiny_imagenetv2_layerwise.json
swin_tiny_imagenetv2,3,layers.0.blocks.0.mlp.fc2,INT8__dense,INT8,8,8,dense,,,0.0,69.62,88.97,0.01999999999999602,0.09999999999999432,28.091336457058787,True,succeeded,/storage/users/pdarbani/Mehrshad/Transformer/v4.0/pretrained-isolation-framework/outputs/imagenetv2/swin_tiny/swin_tiny_imagenetv2_layerwise.json
swin_tiny_imagenetv2,4,layers.0.blocks.1.attn.qkv,INT8__4to8,INT8,8,8,4to8,4,8,0.5,69.68,88.83,-0.04000000000000625,0.23999999999999488,33.11866710521281,True,succeeded,/storage/users/pdarbani/Mehrshad/Transformer/v4.0/pretrained-isolation-framework/outputs/imagenetv2/swin_tiny/swin_tiny_imagenetv2_layerwise.json
swin_tiny_imagenetv2,5,layers.0.blocks.1.attn.proj,INT6__dense,INT6,6,6,dense,,,0.0,69.67,89.05,-0.030000000000001137,0.01999999999999602,33.25729548372328,True,succeeded,/storage/users/pdarbani/Mehrshad/Transformer/v4.0/pretrained-isolation-framework/outputs/imagenetv2/swin_tiny/swin_tiny_imagenetv2_layerwise.json
swin_tiny_imagenetv2,6,layers.0.blocks.1.mlp.fc1,INT6__dense,INT6,6,6,dense,,,0.0,69.71,89.1,-0.06999999999999318,-0.030000000000001137,32.67826008424163,True,succeeded,/storage/users/pdarbani/Mehrshad/Transformer/v4.0/pretrained-isolation-framework/outputs/imagenetv2/swin_tiny/swin_tiny_imagenetv2_layerwise.json
swin_tiny_imagenetv2,7,layers.0.blocks.1.mlp.fc2,INT6__2to4,INT6,6,6,2to4,2,4,0.5,69.73,88.7,-0.09000000000000341,0.36999999999999034,33.69099273905158,True,succeeded,/storage/users/pdarbani/Mehrshad/Transformer/v4.0/pretrained-isolation-framework/outputs/imagenetv2/swin_tiny/swin_tiny_imagenetv2_layerwise.json
swin_tiny_imagenetv2,8,layers.1.blocks.0.attn.qkv,INT6__4to8,INT6,6,6,4to8,4,8,0.5,69.72,88.95,-0.0799999999999983,0.11999999999999034,32.75497702509165,True,succeeded,/storage/users/pdarbani/Mehrshad/Transformer/v4.0/pretrained-isolation-framework/outputs/imagenetv2/swin_tiny/swin_tiny_imagenetv2_layerwise.json
swin_tiny_imagenetv2,9,layers.1.blocks.0.attn.proj,INT4__4to8,INT4,4,4,4to8,4,8,0.5,69.65,89.02,-0.010000000000005116,0.04999999999999716,30.68967721797526,True,succeeded,/storage/users/pdarbani/Mehrshad/Transformer/v4.0/pretrained-isolation-framework/outputs/imagenetv2/swin_tiny/swin_tiny_imagenetv2_layerwise.json
swin_tiny_imagenetv2,10,layers.1.blocks.0.mlp.fc1,INT6__4to8,INT6,6,6,4to8,4,8,0.5,69.67,88.92,-0.030000000000001137,0.14999999999999147,33.33199482038617,True,succeeded,/storage/users/pdarbani/Mehrshad/Transformer/v4.0/pretrained-isolation-framework/outputs/imagenetv2/swin_tiny/swin_tiny_imagenetv2_layerwise.json
swin_tiny_imagenetv2,11,layers.1.blocks.0.mlp.fc2,INT8__dense,INT8,8,8,dense,,,0.0,69.71,89.06,-0.06999999999999318,0.009999999999990905,33.488330671563745,True,succeeded,/storage/users/pdarbani/Mehrshad/Transformer/v4.0/pretrained-isolation-framework/outputs/imagenetv2/swin_tiny/swin_tiny_imagenetv2_layerwise.json
swin_tiny_imagenetv2,12,layers.1.blocks.1.attn.qkv,INT8__dense,INT8,8,8,dense,,,0.0,69.69,89.08,-0.04999999999999716,-0.010000000000005116,31.722787955775857,True,succeeded,/storage/users/pdarbani/Mehrshad/Transformer/v4.0/pretrained-isolation-framework/outputs/imagenetv2/swin_tiny/swin_tiny_imagenetv2_layerwise.json
swin_tiny_imagenetv2,13,layers.1.blocks.1.attn.proj,FP32__4to8,FP32,32,32,4to8,4,8,0.5,69.64,88.79,0.0,0.2799999999999869,32.26999903656542,True,succeeded,/storage/users/pdarbani/Mehrshad/Transformer/v4.0/pretrained-isolation-framework/outputs/imagenetv2/swin_tiny/swin_tiny_imagenetv2_layerwise.json
swin_tiny_imagenetv2,14,layers.1.blocks.1.mlp.fc1,INT4__dense,INT4,4,4,dense,,,0.0,69.68,88.94,-0.04000000000000625,0.12999999999999545,28.075242534279823,True,succeeded,/storage/users/pdarbani/Mehrshad/Transformer/v4.0/pretrained-isolation-framework/outputs/imagenetv2/swin_tiny/swin_tiny_imagenetv2_layerwise.json
swin_tiny_imagenetv2,15,layers.1.blocks.1.mlp.fc2,INT6__4to8,INT6,6,6,4to8,4,8,0.5,69.76,88.91,-0.12000000000000455,0.1599999999999966,28.025804145261645,True,succeeded,/storage/users/pdarbani/Mehrshad/Transformer/v4.0/pretrained-isolation-framework/outputs/imagenetv2/swin_tiny/swin_tiny_imagenetv2_layerwise.json
swin_tiny_imagenetv2,16,layers.2.blocks.0.attn.qkv,INT8__dense,INT8,8,8,dense,,,0.0,69.66,89.05,-0.01999999999999602,0.01999999999999602,27.891634108498693,True,succeeded,/storage/users/pdarbani/Mehrshad/Transformer/v4.0/pretrained-isolation-framework/outputs/imagenetv2/swin_tiny/swin_tiny_imagenetv2_layerwise.json
swin_tiny_imagenetv2,17,layers.2.blocks.0.attn.proj,INT4__dense,INT4,4,4,dense,,,0.0,69.79,88.92,-0.15000000000000568,0.14999999999999147,27.86002764478326,True,succeeded,/storage/users/pdarbani/Mehrshad/Transformer/v4.0/pretrained-isolation-framework/outputs/imagenetv2/swin_tiny/swin_tiny_imagenetv2_layerwise.json
swin_tiny_imagenetv2,18,layers.2.blocks.0.mlp.fc1,INT6__4to8,INT6,6,6,4to8,4,8,0.5,69.63,88.86,0.010000000000005116,0.20999999999999375,27.458167992532253,True,succeeded,/storage/users/pdarbani/Mehrshad/Transformer/v4.0/pretrained-isolation-framework/outputs/imagenetv2/swin_tiny/swin_tiny_imagenetv2_layerwise.json
swin_tiny_imagenetv2,19,layers.2.blocks.0.mlp.fc2,INT8__4to8,INT8,8,8,4to8,4,8,0.5,69.84,89.09,-0.20000000000000284,-0.020000000000010232,28.411954736337066,True,succeeded,/storage/users/pdarbani/Mehrshad/Transformer/v4.0/pretrained-isolation-framework/outputs/imagenetv2/swin_tiny/swin_tiny_imagenetv2_layerwise.json
swin_tiny_imagenetv2,20,layers.2.blocks.1.attn.qkv,INT8__2to4,INT8,8,8,2to4,2,4,0.5,69.67,89.04,-0.030000000000001137,0.029999999999986926,27.65580335818231,True,succeeded,/storage/users/pdarbani/Mehrshad/Transformer/v4.0/pretrained-isolation-framework/outputs/imagenetv2/swin_tiny/swin_tiny_imagenetv2_layerwise.json
swin_tiny_imagenetv2,21,layers.2.blocks.1.attn.proj,INT8__dense,INT8,8,8,dense,,,0.0,69.63,89.08,0.010000000000005116,-0.010000000000005116,26.223402542993426,True,succeeded,/storage/users/pdarbani/Mehrshad/Transformer/v4.0/pretrained-isolation-framework/outputs/imagenetv2/swin_tiny/swin_tiny_imagenetv2_layerwise.json
swin_tiny_imagenetv2,22,layers.2.blocks.1.mlp.fc1,INT6__dense,INT6,6,6,dense,,,0.0,69.72,89.04,-0.0799999999999983,0.029999999999986926,14.746201055124402,True,succeeded,/storage/users/pdarbani/Mehrshad/Transformer/v4.0/pretrained-isolation-framework/outputs/imagenetv2/swin_tiny/swin_tiny_imagenetv2_layerwise.json
swin_tiny_imagenetv2,23,layers.2.blocks.1.mlp.fc2,INT8__dense,INT8,8,8,dense,,,0.0,69.67,89.08,-0.030000000000001137,-0.010000000000005116,21.911459671333432,True,succeeded,/storage/users/pdarbani/Mehrshad/Transformer/v4.0/pretrained-isolation-framework/outputs/imagenetv2/swin_tiny/swin_tiny_imagenetv2_layerwise.json
swin_tiny_imagenetv2,24,layers.2.blocks.2.attn.qkv,INT6__dense,INT6,6,6,dense,,,0.0,69.66,89.08,-0.01999999999999602,-0.010000000000005116,14.943927701562643,True,succeeded,/storage/users/pdarbani/Mehrshad/Transformer/v4.0/pretrained-isolation-framework/outputs/imagenetv2/swin_tiny/swin_tiny_imagenetv2_layerwise.json
swin_tiny_imagenetv2,25,layers.2.blocks.2.attn.proj,INT8__4to8,INT8,8,8,4to8,4,8,0.5,69.77,89.0,-0.12999999999999545,0.06999999999999318,14.39224143885076,True,succeeded,/storage/users/pdarbani/Mehrshad/Transformer/v4.0/pretrained-isolation-framework/outputs/imagenetv2/swin_tiny/swin_tiny_imagenetv2_layerwise.json
swin_tiny_imagenetv2,26,layers.2.blocks.2.mlp.fc1,INT6__dense,INT6,6,6,dense,,,0.0,69.66,89.04,-0.01999999999999602,0.029999999999986926,14.389902288094163,True,succeeded,/storage/users/pdarbani/Mehrshad/Transformer/v4.0/pretrained-isolation-framework/outputs/imagenetv2/swin_tiny/swin_tiny_imagenetv2_layerwise.json
swin_tiny_imagenetv2,27,layers.2.blocks.2.mlp.fc2,FP32__4to8,FP32,32,32,4to8,4,8,0.5,69.6,88.97,0.04000000000000625,0.09999999999999432,14.438279522582889,True,succeeded,/storage/users/pdarbani/Mehrshad/Transformer/v4.0/pretrained-isolation-framework/outputs/imagenetv2/swin_tiny/swin_tiny_imagenetv2_layerwise.json
swin_tiny_imagenetv2,28,layers.2.blocks.3.attn.qkv,INT4__4to8,INT4,4,4,4to8,4,8,0.5,69.82,88.84,-0.1799999999999926,0.22999999999998977,14.463845904916525,True,succeeded,/storage/users/pdarbani/Mehrshad/Transformer/v4.0/pretrained-isolation-framework/outputs/imagenetv2/swin_tiny/swin_tiny_imagenetv2_layerwise.json
swin_tiny_imagenetv2,29,layers.2.blocks.3.attn.proj,INT6__4to8,INT6,6,6,4to8,4,8,0.5,69.69,88.92,-0.04999999999999716,0.14999999999999147,14.500524919480085,True,succeeded,/storage/users/pdarbani/Mehrshad/Transformer/v4.0/pretrained-isolation-framework/outputs/imagenetv2/swin_tiny/swin_tiny_imagenetv2_layerwise.json
swin_tiny_imagenetv2,30,layers.2.blocks.3.mlp.fc1,INT8__dense,INT8,8,8,dense,,,0.0,69.69,89.08,-0.04999999999999716,-0.010000000000005116,14.398510053753853,True,succeeded,/storage/users/pdarbani/Mehrshad/Transformer/v4.0/pretrained-isolation-framework/outputs/imagenetv2/swin_tiny/swin_tiny_imagenetv2_layerwise.json
swin_tiny_imagenetv2,31,layers.2.blocks.3.mlp.fc2,INT8__dense,INT8,8,8,dense,,,0.0,69.71,89.06,-0.06999999999999318,0.009999999999990905,14.552475085482001,True,succeeded,/storage/users/pdarbani/Mehrshad/Transformer/v4.0/pretrained-isolation-framework/outputs/imagenetv2/swin_tiny/swin_tiny_imagenetv2_layerwise.json
swin_tiny_imagenetv2,32,layers.2.blocks.4.attn.qkv,INT6__dense,INT6,6,6,dense,,,0.0,69.66,89.11,-0.01999999999999602,-0.04000000000000625,14.36782599426806,True,succeeded,/storage/users/pdarbani/Mehrshad/Transformer/v4.0/pretrained-isolation-framework/outputs/imagenetv2/swin_tiny/swin_tiny_imagenetv2_layerwise.json
swin_tiny_imagenetv2,33,layers.2.blocks.4.attn.proj,INT6__dense,INT6,6,6,dense,,,0.0,69.7,89.07,-0.060000000000002274,0.0,21.273472353816032,True,succeeded,/storage/users/pdarbani/Mehrshad/Transformer/v4.0/pretrained-isolation-framework/outputs/imagenetv2/swin_tiny/swin_tiny_imagenetv2_layerwise.json
swin_tiny_imagenetv2,34,layers.2.blocks.4.mlp.fc1,INT6__4to8,INT6,6,6,4to8,4,8,0.5,69.82,88.88,-0.1799999999999926,0.18999999999999773,20.750634348019958,True,succeeded,/storage/users/pdarbani/Mehrshad/Transformer/v4.0/pretrained-isolation-framework/outputs/imagenetv2/swin_tiny/swin_tiny_imagenetv2_layerwise.json
swin_tiny_imagenetv2,35,layers.2.blocks.4.mlp.fc2,INT8__dense,INT8,8,8,dense,,,0.0,69.57,89.0,0.07000000000000739,0.06999999999999318,21.019438488408923,True,succeeded,/storage/users/pdarbani/Mehrshad/Transformer/v4.0/pretrained-isolation-framework/outputs/imagenetv2/swin_tiny/swin_tiny_imagenetv2_layerwise.json
swin_tiny_imagenetv2,36,layers.2.blocks.5.attn.qkv,INT6__dense,INT6,6,6,dense,,,0.0,69.66,89.05,-0.01999999999999602,0.01999999999999602,19.646859407424927,True,succeeded,/storage/users/pdarbani/Mehrshad/Transformer/v4.0/pretrained-isolation-framework/outputs/imagenetv2/swin_tiny/swin_tiny_imagenetv2_layerwise.json
swin_tiny_imagenetv2,37,layers.2.blocks.5.attn.proj,INT8__4to8,INT8,8,8,4to8,4,8,0.5,69.72,88.96,-0.0799999999999983,0.10999999999999943,22.31532794609666,True,succeeded,/storage/users/pdarbani/Mehrshad/Transformer/v4.0/pretrained-isolation-framework/outputs/imagenetv2/swin_tiny/swin_tiny_imagenetv2_layerwise.json
swin_tiny_imagenetv2,38,layers.2.blocks.5.mlp.fc1,INT8__dense,INT8,8,8,dense,,,0.0,69.67,89.12,-0.030000000000001137,-0.05000000000001137,14.396853731945157,True,succeeded,/storage/users/pdarbani/Mehrshad/Transformer/v4.0/pretrained-isolation-framework/outputs/imagenetv2/swin_tiny/swin_tiny_imagenetv2_layerwise.json
swin_tiny_imagenetv2,39,layers.2.blocks.5.mlp.fc2,INT8__3to8,INT8,8,8,3to8,3,8,0.625,69.7,88.78,-0.060000000000002274,0.28999999999999204,22.046519964933395,True,succeeded,/storage/users/pdarbani/Mehrshad/Transformer/v4.0/pretrained-isolation-framework/outputs/imagenetv2/swin_tiny/swin_tiny_imagenetv2_layerwise.json
swin_tiny_imagenetv2,40,layers.3.blocks.0.attn.qkv,INT6__dense,INT6,6,6,dense,,,0.0,69.67,89.08,-0.030000000000001137,-0.010000000000005116,21.136990135535598,True,succeeded,/storage/users/pdarbani/Mehrshad/Transformer/v4.0/pretrained-isolation-framework/outputs/imagenetv2/swin_tiny/swin_tiny_imagenetv2_layerwise.json
swin_tiny_imagenetv2,41,layers.3.blocks.0.attn.proj,INT6__dense,INT6,6,6,dense,,,0.0,69.69,89.01,-0.04999999999999716,0.05999999999998806,23.981133464723825,True,succeeded,/storage/users/pdarbani/Mehrshad/Transformer/v4.0/pretrained-isolation-framework/outputs/imagenetv2/swin_tiny/swin_tiny_imagenetv2_layerwise.json
swin_tiny_imagenetv2,42,layers.3.blocks.0.mlp.fc1,INT6__dense,INT6,6,6,dense,,,0.0,69.77,88.92,-0.12999999999999545,0.14999999999999147,24.335399352014065,True,succeeded,/storage/users/pdarbani/Mehrshad/Transformer/v4.0/pretrained-isolation-framework/outputs/imagenetv2/swin_tiny/swin_tiny_imagenetv2_layerwise.json
swin_tiny_imagenetv2,43,layers.3.blocks.0.mlp.fc2,INT8__dense,INT8,8,8,dense,,,0.0,69.71,89.05,-0.06999999999999318,0.01999999999999602,24.630882494151592,True,succeeded,/storage/users/pdarbani/Mehrshad/Transformer/v4.0/pretrained-isolation-framework/outputs/imagenetv2/swin_tiny/swin_tiny_imagenetv2_layerwise.json
swin_tiny_imagenetv2,44,layers.3.blocks.1.attn.qkv,INT8__dense,INT8,8,8,dense,,,0.0,69.64,89.06,0.0,0.009999999999990905,24.118762066587806,True,succeeded,/storage/users/pdarbani/Mehrshad/Transformer/v4.0/pretrained-isolation-framework/outputs/imagenetv2/swin_tiny/swin_tiny_imagenetv2_layerwise.json
swin_tiny_imagenetv2,45,layers.3.blocks.1.attn.proj,INT4__2to4,INT4,4,4,2to4,2,4,0.5,69.72,88.8,-0.0799999999999983,0.269999999999996,24.835040213540196,True,succeeded,/storage/users/pdarbani/Mehrshad/Transformer/v4.0/pretrained-isolation-framework/outputs/imagenetv2/swin_tiny/swin_tiny_imagenetv2_layerwise.json
swin_tiny_imagenetv2,46,layers.3.blocks.1.mlp.fc1,INT6__dense,INT6,6,6,dense,,,0.0,69.71,89.03,-0.06999999999999318,0.03999999999999204,24.521215388551354,True,succeeded,/storage/users/pdarbani/Mehrshad/Transformer/v4.0/pretrained-isolation-framework/outputs/imagenetv2/swin_tiny/swin_tiny_imagenetv2_layerwise.json
swin_tiny_imagenetv2,47,layers.3.blocks.1.mlp.fc2,INT8__dense,INT8,8,8,dense,,,0.0,69.7,89.04,-0.060000000000002274,0.029999999999986926,24.38682476617396,True,succeeded,/storage/users/pdarbani/Mehrshad/Transformer/v4.0/pretrained-isolation-framework/outputs/imagenetv2/swin_tiny/swin_tiny_imagenetv2_layerwise.json
