model,threshold_top1_pp,refinement_constraint_satisfied,initial_refinement_top1_drop_pp,final_refinement_top1_drop_pp,final_test_top1,final_test_top1_drop_pp,initial_normalized_energy,final_normalized_energy,final_energy_saving_percent,search_evaluations,accepted_move_batches,accepted_layer_actions,changed_layers,termination_reason,runtime_seconds,source_file
deit_tiny_imagenetv2,0.1,True,1.46484375,-0.1953125,58.55,1.2600000000000051,0.234375,0.2799479166666667,72.00520833333333,244,4,5,5,global accuracy constraint satisfied and no further feasible one-step energy reduction,522.3835713993758,/storage/users/pdarbani/Mehrshad/Transformer/v4.0/pretrained-isolation-framework/outputs-v4/imagenetv2/deit_tiny/deit_tiny_imagenetv2_global_refinement.json
deit_tiny_imagenetv2,0.5,True,29.8828125,0.390625,57.77,2.039999999999999,0.11344401041666667,0.4423828125,55.76171875,3315,71,182,44,global accuracy constraint satisfied and no further feasible one-step energy reduction,7391.849248934537,/storage/users/pdarbani/Mehrshad/Transformer/v4.0/pretrained-isolation-framework/outputs-v4/imagenetv2/deit_tiny/deit_tiny_imagenetv2_global_refinement.json
deit_tiny_imagenetv2,1.0,False,56.640625,1.85546875,57.31,2.5,0.07291666666666667,0.4440104166666667,55.59895833333333,2965,64,154,48,"no safer single, pairwise, or block move recovered accuracy",7452.951448500156,/storage/users/pdarbani/Mehrshad/Transformer/v4.0/pretrained-isolation-framework/outputs-v4/imagenetv2/deit_tiny/deit_tiny_imagenetv2_global_refinement.json
resnet18_imagenetv2,0.1,True,-1.171875,-0.390625,54.14,5.240000000000002,0.48355263157894735,0.1924342105263158,80.75657894736842,419,21,21,16,global accuracy constraint satisfied and no further feasible one-step energy reduction,335.561229724437,/storage/users/pdarbani/Mehrshad/Transformer/v4.0/pretrained-isolation-framework/outputs-v4/imagenetv2/resnet18/resnet18_imagenetv2_global_refinement.json
resnet18_imagenetv2,0.5,True,0.0,-0.78125,53.63,5.75,0.19078947368421054,0.18133223684210525,81.86677631578947,77,3,3,3,global accuracy constraint satisfied and no further feasible one-step energy reduction,72.15222193673253,/storage/users/pdarbani/Mehrshad/Transformer/v4.0/pretrained-isolation-framework/outputs-v4/imagenetv2/resnet18/resnet18_imagenetv2_global_refinement.json
resnet18_imagenetv2,1.0,True,12.5,0.0,52.28,7.100000000000001,0.15666118421052633,0.18955592105263158,81.04440789473684,321,15,33,11,global accuracy constraint satisfied and no further feasible one-step energy reduction,271.895234933123,/storage/users/pdarbani/Mehrshad/Transformer/v4.0/pretrained-isolation-framework/outputs-v4/imagenetv2/resnet18/resnet18_imagenetv2_global_refinement.json
swin_tiny_imagenetv2,0.1,True,11.328125,0.09765625,67.75,1.8900000000000006,0.12434895833333333,0.4921875,50.78125,1320,30,78,41,global accuracy constraint satisfied and no further feasible one-step energy reduction,4521.405007546768,/storage/users/pdarbani/Mehrshad/Transformer/v4.0/pretrained-isolation-framework/outputs-v4/imagenetv2/swin_tiny/swin_tiny_imagenetv2_global_refinement.json
swin_tiny_imagenetv2,0.5,True,58.30078125,0.29296875,65.78,3.8599999999999994,0.060546875,0.3603515625,63.96484375,5166,110,194,45,global accuracy constraint satisfied and no further feasible one-step energy reduction,17196.16833726503,/storage/users/pdarbani/Mehrshad/Transformer/v4.0/pretrained-isolation-framework/outputs-v4/imagenetv2/swin_tiny/swin_tiny_imagenetv2_global_refinement.json
swin_tiny_imagenetv2,1.0,True,71.6796875,0.68359375,67.33,2.3100000000000023,0.052571614583333336,0.5872395833333334,41.276041666666664,3567,76,163,48,global accuracy constraint satisfied and no further feasible one-step energy reduction,12018.814885988832,/storage/users/pdarbani/Mehrshad/Transformer/v4.0/pretrained-isolation-framework/outputs-v4/imagenetv2/swin_tiny/swin_tiny_imagenetv2_global_refinement.json
