model,threshold_top1_drop_pp,layer_index,target_layer,configuration,weight_bits,activation_bits,sparsity,isolated_top1_drop_pp,normalized_energy,feasible_configuration_count
deit_tiny_imagenetv2,0.1,0,blocks.0.attn.qkv,INT8__dense,8,8,dense,-0.03999999999999915,0.25,2
deit_tiny_imagenetv2,0.1,1,blocks.0.attn.proj,INT8__dense,8,8,dense,0.060000000000002274,0.25,2
deit_tiny_imagenetv2,0.1,2,blocks.0.mlp.fc1,INT8__dense,8,8,dense,-0.14999999999999858,0.25,2
deit_tiny_imagenetv2,0.1,3,blocks.0.mlp.fc2,FP32__dense,32,32,dense,0.0,1.0,1
deit_tiny_imagenetv2,0.1,4,blocks.1.attn.qkv,INT6__dense,6,6,dense,-0.03999999999999915,0.1875,3
deit_tiny_imagenetv2,0.1,5,blocks.1.attn.proj,INT6__dense,6,6,dense,-0.03999999999999915,0.1875,3
deit_tiny_imagenetv2,0.1,6,blocks.1.mlp.fc1,INT8__dense,8,8,dense,0.03999999999999915,0.25,2
deit_tiny_imagenetv2,0.1,7,blocks.1.mlp.fc2,FP32__dense,32,32,dense,0.0,1.0,1
deit_tiny_imagenetv2,0.1,8,blocks.2.attn.qkv,INT6__dense,6,6,dense,-0.10999999999999943,0.1875,3
deit_tiny_imagenetv2,0.1,9,blocks.2.attn.proj,INT6__dense,6,6,dense,-0.0899999999999963,0.1875,3
deit_tiny_imagenetv2,0.1,10,blocks.2.mlp.fc1,INT6__dense,6,6,dense,-0.03999999999999915,0.1875,3
deit_tiny_imagenetv2,0.1,11,blocks.2.mlp.fc2,INT8__dense,8,8,dense,0.05000000000000426,0.25,2
deit_tiny_imagenetv2,0.1,12,blocks.3.attn.qkv,INT6__dense,6,6,dense,-0.01999999999999602,0.1875,3
deit_tiny_imagenetv2,0.1,13,blocks.3.attn.proj,INT6__dense,6,6,dense,0.0,0.1875,3
deit_tiny_imagenetv2,0.1,14,blocks.3.mlp.fc1,INT8__dense,8,8,dense,-0.00999999999999801,0.25,2
deit_tiny_imagenetv2,0.1,15,blocks.3.mlp.fc2,INT8__dense,8,8,dense,-0.01999999999999602,0.25,2
deit_tiny_imagenetv2,0.1,16,blocks.4.attn.qkv,INT6__dense,6,6,dense,0.010000000000005116,0.1875,3
deit_tiny_imagenetv2,0.1,17,blocks.4.attn.proj,INT6__dense,6,6,dense,-0.030000000000001137,0.1875,3
deit_tiny_imagenetv2,0.1,18,blocks.4.mlp.fc1,INT8__dense,8,8,dense,0.020000000000003126,0.25,2
deit_tiny_imagenetv2,0.1,19,blocks.4.mlp.fc2,INT8__dense,8,8,dense,0.0800000000000054,0.25,2
deit_tiny_imagenetv2,0.1,20,blocks.5.attn.qkv,INT6__dense,6,6,dense,-0.03999999999999915,0.1875,3
deit_tiny_imagenetv2,0.1,21,blocks.5.attn.proj,INT6__dense,6,6,dense,0.020000000000003126,0.1875,3
deit_tiny_imagenetv2,0.1,22,blocks.5.mlp.fc1,INT6__dense,6,6,dense,0.0,0.1875,3
deit_tiny_imagenetv2,0.1,23,blocks.5.mlp.fc2,INT8__4to8,8,8,4to8,0.03999999999999915,0.125,3
deit_tiny_imagenetv2,0.1,24,blocks.6.attn.qkv,INT6__dense,6,6,dense,-0.05999999999999517,0.1875,3
deit_tiny_imagenetv2,0.1,25,blocks.6.attn.proj,INT6__dense,6,6,dense,0.03999999999999915,0.1875,3
deit_tiny_imagenetv2,0.1,26,blocks.6.mlp.fc1,INT6__dense,6,6,dense,0.10000000000000142,0.1875,3
deit_tiny_imagenetv2,0.1,27,blocks.6.mlp.fc2,INT8__dense,8,8,dense,0.03999999999999915,0.25,2
deit_tiny_imagenetv2,0.1,28,blocks.7.attn.qkv,INT6__dense,6,6,dense,-0.00999999999999801,0.1875,3
deit_tiny_imagenetv2,0.1,29,blocks.7.attn.proj,INT6__dense,6,6,dense,-0.04999999999999716,0.1875,3
deit_tiny_imagenetv2,0.1,30,blocks.7.mlp.fc1,INT8__dense,8,8,dense,0.03999999999999915,0.25,2
deit_tiny_imagenetv2,0.1,31,blocks.7.mlp.fc2,INT8__dense,8,8,dense,-0.01999999999999602,0.25,2
deit_tiny_imagenetv2,0.1,32,blocks.8.attn.qkv,INT6__dense,6,6,dense,0.09000000000000341,0.1875,3
deit_tiny_imagenetv2,0.1,33,blocks.8.attn.proj,INT6__dense,6,6,dense,0.060000000000002274,0.1875,3
deit_tiny_imagenetv2,0.1,34,blocks.8.mlp.fc1,INT6__dense,6,6,dense,0.09000000000000341,0.1875,3
deit_tiny_imagenetv2,0.1,35,blocks.8.mlp.fc2,INT8__2to4,8,8,2to4,-0.00999999999999801,0.125,4
deit_tiny_imagenetv2,0.1,36,blocks.9.attn.qkv,INT6__dense,6,6,dense,0.10000000000000142,0.1875,3
deit_tiny_imagenetv2,0.1,37,blocks.9.attn.proj,INT6__dense,6,6,dense,0.05000000000000426,0.1875,3
deit_tiny_imagenetv2,0.1,38,blocks.9.mlp.fc1,INT8__dense,8,8,dense,0.020000000000003126,0.25,2
deit_tiny_imagenetv2,0.1,39,blocks.9.mlp.fc2,FP32__2to4,32,32,2to4,0.060000000000002274,0.5,2
deit_tiny_imagenetv2,0.1,40,blocks.10.attn.qkv,INT6__dense,6,6,dense,0.05000000000000426,0.1875,3
deit_tiny_imagenetv2,0.1,41,blocks.10.attn.proj,INT6__4to8,6,6,4to8,0.060000000000002274,0.09375,4
deit_tiny_imagenetv2,0.1,42,blocks.10.mlp.fc1,INT6__2to4,6,6,2to4,0.010000000000005116,0.09375,9
deit_tiny_imagenetv2,0.1,43,blocks.10.mlp.fc2,INT8__2to4,8,8,2to4,0.07000000000000028,0.125,5
deit_tiny_imagenetv2,0.1,44,blocks.11.attn.qkv,INT6__dense,6,6,dense,0.07000000000000028,0.1875,3
deit_tiny_imagenetv2,0.1,45,blocks.11.attn.proj,INT6__dense,6,6,dense,0.07000000000000028,0.1875,3
deit_tiny_imagenetv2,0.1,46,blocks.11.mlp.fc1,INT6__dense,6,6,dense,0.020000000000003126,0.1875,3
deit_tiny_imagenetv2,0.1,47,blocks.11.mlp.fc2,INT4__4to8,4,4,4to8,0.060000000000002274,0.0625,5
deit_tiny_imagenetv2,0.5,0,blocks.0.attn.qkv,INT6__dense,6,6,dense,0.20000000000000284,0.1875,3
deit_tiny_imagenetv2,0.5,1,blocks.0.attn.proj,INT6__dense,6,6,dense,0.240000000000002,0.1875,3
deit_tiny_imagenetv2,0.5,2,blocks.0.mlp.fc1,INT8__dense,8,8,dense,-0.14999999999999858,0.25,2
deit_tiny_imagenetv2,0.5,3,blocks.0.mlp.fc2,INT8__dense,8,8,dense,0.35999999999999943,0.25,2
deit_tiny_imagenetv2,0.5,4,blocks.1.attn.qkv,INT6__4to8,6,6,4to8,0.4100000000000037,0.09375,9
deit_tiny_imagenetv2,0.5,5,blocks.1.attn.proj,INT6__4to8,6,6,4to8,0.3200000000000003,0.09375,8
deit_tiny_imagenetv2,0.5,6,blocks.1.mlp.fc1,INT6__dense,6,6,dense,0.19000000000000483,0.1875,3
deit_tiny_imagenetv2,0.5,7,blocks.1.mlp.fc2,INT8__dense,8,8,dense,0.19000000000000483,0.25,2
deit_tiny_imagenetv2,0.5,8,blocks.2.attn.qkv,INT6__dense,6,6,dense,-0.10999999999999943,0.1875,3
deit_tiny_imagenetv2,0.5,9,blocks.2.attn.proj,INT4__2to4,4,4,2to4,0.490000000000002,0.0625,11
deit_tiny_imagenetv2,0.5,10,blocks.2.mlp.fc1,INT6__dense,6,6,dense,-0.03999999999999915,0.1875,3
deit_tiny_imagenetv2,0.5,11,blocks.2.mlp.fc2,INT8__4to8,8,8,4to8,0.3400000000000034,0.125,4
deit_tiny_imagenetv2,0.5,12,blocks.3.attn.qkv,INT6__4to8,6,6,4to8,0.46999999999999886,0.09375,6
deit_tiny_imagenetv2,0.5,13,blocks.3.attn.proj,INT4__2to4,4,4,2to4,0.46000000000000085,0.0625,13
deit_tiny_imagenetv2,0.5,14,blocks.3.mlp.fc1,INT6__dense,6,6,dense,0.19000000000000483,0.1875,3
deit_tiny_imagenetv2,0.5,15,blocks.3.mlp.fc2,INT6__dense,6,6,dense,0.2700000000000031,0.1875,3
deit_tiny_imagenetv2,0.5,16,blocks.4.attn.qkv,INT6__4to8,6,6,4to8,0.4100000000000037,0.09375,5
deit_tiny_imagenetv2,0.5,17,blocks.4.attn.proj,INT6__4to8,6,6,4to8,0.4299999999999997,0.09375,7
deit_tiny_imagenetv2,0.5,18,blocks.4.mlp.fc1,INT8__4to8,8,8,4to8,0.490000000000002,0.125,4
deit_tiny_imagenetv2,0.5,19,blocks.4.mlp.fc2,INT6__2to4,6,6,2to4,0.480000000000004,0.09375,6
deit_tiny_imagenetv2,0.5,20,blocks.5.attn.qkv,INT6__2to4,6,6,2to4,0.4299999999999997,0.09375,8
deit_tiny_imagenetv2,0.5,21,blocks.5.attn.proj,INT4__4to8,4,4,4to8,0.3100000000000023,0.0625,13
deit_tiny_imagenetv2,0.5,22,blocks.5.mlp.fc1,INT6__dense,6,6,dense,0.0,0.1875,3
deit_tiny_imagenetv2,0.5,23,blocks.5.mlp.fc2,INT8__3to8,8,8,3to8,0.35999999999999943,0.09375,8
deit_tiny_imagenetv2,0.5,24,blocks.6.attn.qkv,INT4__dense,4,4,dense,0.240000000000002,0.125,4
deit_tiny_imagenetv2,0.5,25,blocks.6.attn.proj,INT4__4to8,4,4,4to8,0.5,0.0625,5
deit_tiny_imagenetv2,0.5,26,blocks.6.mlp.fc1,INT6__dense,6,6,dense,0.10000000000000142,0.1875,3
deit_tiny_imagenetv2,0.5,27,blocks.6.mlp.fc2,INT6__4to8,6,6,4to8,0.480000000000004,0.09375,8
deit_tiny_imagenetv2,0.5,28,blocks.7.attn.qkv,INT4__4to8,4,4,4to8,0.44000000000000483,0.0625,6
deit_tiny_imagenetv2,0.5,29,blocks.7.attn.proj,INT4__2to4,4,4,2to4,0.3200000000000003,0.0625,12
deit_tiny_imagenetv2,0.5,30,blocks.7.mlp.fc1,INT6__dense,6,6,dense,0.14000000000000057,0.1875,3
deit_tiny_imagenetv2,0.5,31,blocks.7.mlp.fc2,INT6__3to8,6,6,3to8,0.490000000000002,0.0703125,11
deit_tiny_imagenetv2,0.5,32,blocks.8.attn.qkv,INT4__4to8,4,4,4to8,0.3300000000000054,0.0625,12
deit_tiny_imagenetv2,0.5,33,blocks.8.attn.proj,INT4__4to8,4,4,4to8,0.28999999999999915,0.0625,11
deit_tiny_imagenetv2,0.5,34,blocks.8.mlp.fc1,INT6__dense,6,6,dense,0.09000000000000341,0.1875,3
deit_tiny_imagenetv2,0.5,35,blocks.8.mlp.fc2,INT6__3to8,6,6,3to8,0.5,0.0703125,13
deit_tiny_imagenetv2,0.5,36,blocks.9.attn.qkv,INT6__4to8,6,6,4to8,0.28000000000000114,0.09375,10
deit_tiny_imagenetv2,0.5,37,blocks.9.attn.proj,INT6__2to4,6,6,2to4,0.3100000000000023,0.09375,8
deit_tiny_imagenetv2,0.5,38,blocks.9.mlp.fc1,INT6__4to8,6,6,4to8,0.5,0.09375,8
deit_tiny_imagenetv2,0.5,39,blocks.9.mlp.fc2,INT4__3to8,4,4,3to8,0.4299999999999997,0.046875,13
deit_tiny_imagenetv2,0.5,40,blocks.10.attn.qkv,INT4__3to8,4,4,3to8,0.3300000000000054,0.046875,16
deit_tiny_imagenetv2,0.5,41,blocks.10.attn.proj,INT4__3to8,4,4,3to8,0.3500000000000014,0.046875,16
deit_tiny_imagenetv2,0.5,42,blocks.10.mlp.fc1,INT4__2to4,4,4,2to4,0.490000000000002,0.0625,13
deit_tiny_imagenetv2,0.5,43,blocks.10.mlp.fc2,INT6__3to8,6,6,3to8,0.37000000000000455,0.0703125,12
deit_tiny_imagenetv2,0.5,44,blocks.11.attn.qkv,INT4__4to8,4,4,4to8,0.4200000000000017,0.0625,8
deit_tiny_imagenetv2,0.5,45,blocks.11.attn.proj,INT4__3to8,4,4,3to8,0.38000000000000256,0.046875,16
deit_tiny_imagenetv2,0.5,46,blocks.11.mlp.fc1,INT4__4to8,4,4,4to8,0.28999999999999915,0.0625,15
deit_tiny_imagenetv2,0.5,47,blocks.11.mlp.fc2,INT4__3to8,4,4,3to8,0.19000000000000483,0.046875,16
deit_tiny_imagenetv2,1.0,0,blocks.0.attn.qkv,INT6__4to8,6,6,4to8,0.7800000000000011,0.09375,9
deit_tiny_imagenetv2,1.0,1,blocks.0.attn.proj,INT8__4to8,8,8,4to8,0.8500000000000014,0.125,5
deit_tiny_imagenetv2,1.0,2,blocks.0.mlp.fc1,INT6__dense,6,6,dense,0.7600000000000051,0.1875,3
deit_tiny_imagenetv2,1.0,3,blocks.0.mlp.fc2,INT8__dense,8,8,dense,0.35999999999999943,0.25,2
deit_tiny_imagenetv2,1.0,4,blocks.1.attn.qkv,INT4__4to8,4,4,4to8,0.5100000000000051,0.0625,14
deit_tiny_imagenetv2,1.0,5,blocks.1.attn.proj,INT4__4to8,4,4,4to8,0.9100000000000037,0.0625,14
deit_tiny_imagenetv2,1.0,6,blocks.1.mlp.fc1,INT6__4to8,6,6,4to8,0.6700000000000017,0.09375,9
deit_tiny_imagenetv2,1.0,7,blocks.1.mlp.fc2,INT8__4to8,8,8,4to8,0.7800000000000011,0.125,6
deit_tiny_imagenetv2,1.0,8,blocks.2.attn.qkv,INT4__4to8,4,4,4to8,0.9000000000000057,0.0625,12
deit_tiny_imagenetv2,1.0,9,blocks.2.attn.proj,INT4__3to8,4,4,3to8,0.6700000000000017,0.046875,16
deit_tiny_imagenetv2,1.0,10,blocks.2.mlp.fc1,INT6__4to8,6,6,4to8,0.8800000000000026,0.09375,7
deit_tiny_imagenetv2,1.0,11,blocks.2.mlp.fc2,INT6__4to8,6,6,4to8,0.6400000000000006,0.09375,11
deit_tiny_imagenetv2,1.0,12,blocks.3.attn.qkv,INT4__3to8,4,4,3to8,1.0,0.046875,13
deit_tiny_imagenetv2,1.0,13,blocks.3.attn.proj,INT4__3to8,4,4,3to8,0.5700000000000003,0.046875,16
deit_tiny_imagenetv2,1.0,14,blocks.3.mlp.fc1,INT6__4to8,6,6,4to8,0.6600000000000037,0.09375,7
deit_tiny_imagenetv2,1.0,15,blocks.3.mlp.fc2,INT6__4to8,6,6,4to8,0.6799999999999997,0.09375,10
deit_tiny_imagenetv2,1.0,16,blocks.4.attn.qkv,INT4__3to8,4,4,3to8,0.7800000000000011,0.046875,16
deit_tiny_imagenetv2,1.0,17,blocks.4.attn.proj,INT4__3to8,4,4,3to8,0.9699999999999989,0.046875,16
deit_tiny_imagenetv2,1.0,18,blocks.4.mlp.fc1,INT6__4to8,6,6,4to8,0.6000000000000014,0.09375,10
deit_tiny_imagenetv2,1.0,19,blocks.4.mlp.fc2,INT6__3to8,6,6,3to8,0.6300000000000026,0.0703125,12
deit_tiny_imagenetv2,1.0,20,blocks.5.attn.qkv,INT4__3to8,4,4,3to8,0.7199999999999989,0.046875,16
deit_tiny_imagenetv2,1.0,21,blocks.5.attn.proj,INT4__3to8,4,4,3to8,0.6200000000000045,0.046875,16
deit_tiny_imagenetv2,1.0,22,blocks.5.mlp.fc1,INT6__4to8,6,6,4to8,0.990000000000002,0.09375,5
deit_tiny_imagenetv2,1.0,23,blocks.5.mlp.fc2,INT6__3to8,6,6,3to8,0.8000000000000043,0.0703125,12
deit_tiny_imagenetv2,1.0,24,blocks.6.attn.qkv,INT4__2to4,4,4,2to4,0.7000000000000028,0.0625,12
deit_tiny_imagenetv2,1.0,25,blocks.6.attn.proj,INT4__3to8,4,4,3to8,0.9500000000000028,0.046875,16
deit_tiny_imagenetv2,1.0,26,blocks.6.mlp.fc1,INT4__dense,4,4,dense,0.6900000000000048,0.125,4
deit_tiny_imagenetv2,1.0,27,blocks.6.mlp.fc2,INT6__3to8,6,6,3to8,0.7899999999999991,0.0703125,12
deit_tiny_imagenetv2,1.0,28,blocks.7.attn.qkv,INT4__3to8,4,4,3to8,0.8800000000000026,0.046875,16
deit_tiny_imagenetv2,1.0,29,blocks.7.attn.proj,INT4__3to8,4,4,3to8,0.7700000000000031,0.046875,16
deit_tiny_imagenetv2,1.0,30,blocks.7.mlp.fc1,INT4__dense,4,4,dense,0.6300000000000026,0.125,6
deit_tiny_imagenetv2,1.0,31,blocks.7.mlp.fc2,INT6__3to8,6,6,3to8,0.490000000000002,0.0703125,12
deit_tiny_imagenetv2,1.0,32,blocks.8.attn.qkv,INT4__3to8,4,4,3to8,0.5399999999999991,0.046875,16
deit_tiny_imagenetv2,1.0,33,blocks.8.attn.proj,INT4__3to8,4,4,3to8,0.6300000000000026,0.046875,16
deit_tiny_imagenetv2,1.0,34,blocks.8.mlp.fc1,INT6__4to8,6,6,4to8,0.8599999999999994,0.09375,8
deit_tiny_imagenetv2,1.0,35,blocks.8.mlp.fc2,INT4__3to8,4,4,3to8,0.6500000000000057,0.046875,16
deit_tiny_imagenetv2,1.0,36,blocks.9.attn.qkv,INT4__3to8,4,4,3to8,0.6600000000000037,0.046875,16
deit_tiny_imagenetv2,1.0,37,blocks.9.attn.proj,INT4__3to8,4,4,3to8,0.6300000000000026,0.046875,16
deit_tiny_imagenetv2,1.0,38,blocks.9.mlp.fc1,INT4__4to8,4,4,4to8,0.9000000000000057,0.0625,14
deit_tiny_imagenetv2,1.0,39,blocks.9.mlp.fc2,INT4__3to8,4,4,3to8,0.4299999999999997,0.046875,16
deit_tiny_imagenetv2,1.0,40,blocks.10.attn.qkv,INT4__3to8,4,4,3to8,0.3300000000000054,0.046875,16
deit_tiny_imagenetv2,1.0,41,blocks.10.attn.proj,INT4__3to8,4,4,3to8,0.3500000000000014,0.046875,16
deit_tiny_imagenetv2,1.0,42,blocks.10.mlp.fc1,INT4__3to8,4,4,3to8,0.6500000000000057,0.046875,16
deit_tiny_imagenetv2,1.0,43,blocks.10.mlp.fc2,INT4__3to8,4,4,3to8,0.730000000000004,0.046875,16
deit_tiny_imagenetv2,1.0,44,blocks.11.attn.qkv,INT4__3to8,4,4,3to8,0.8400000000000034,0.046875,16
deit_tiny_imagenetv2,1.0,45,blocks.11.attn.proj,INT4__3to8,4,4,3to8,0.38000000000000256,0.046875,16
deit_tiny_imagenetv2,1.0,46,blocks.11.mlp.fc1,INT4__3to8,4,4,3to8,0.6600000000000037,0.046875,16
deit_tiny_imagenetv2,1.0,47,blocks.11.mlp.fc2,INT4__3to8,4,4,3to8,0.19000000000000483,0.046875,16
resnet18_imagenetv2,0.1,0,layer1.0.conv1,FP32__dense,32,32,dense,0.0,1.0,1
resnet18_imagenetv2,0.1,1,layer1.0.conv2,INT8__dense,8,8,dense,-0.00999999999999801,0.25,2
resnet18_imagenetv2,0.1,2,layer1.1.conv1,FP32__dense,32,32,dense,0.0,1.0,1
resnet18_imagenetv2,0.1,3,layer1.1.conv2,INT8__dense,8,8,dense,0.0800000000000054,0.25,2
resnet18_imagenetv2,0.1,4,layer2.0.conv1,INT8__dense,8,8,dense,0.060000000000002274,0.25,2
resnet18_imagenetv2,0.1,5,layer2.0.conv2,INT8__dense,8,8,dense,0.07000000000000028,0.25,2
resnet18_imagenetv2,0.1,6,layer2.0.downsample.0,FP32__dense,32,32,dense,0.0,1.0,1
resnet18_imagenetv2,0.1,7,layer2.1.conv1,FP32__dense,32,32,dense,0.0,1.0,1
resnet18_imagenetv2,0.1,8,layer2.1.conv2,INT6__dense,6,6,dense,-0.01999999999999602,0.1875,3
resnet18_imagenetv2,0.1,9,layer3.0.conv1,INT8__dense,8,8,dense,0.10000000000000142,0.25,2
resnet18_imagenetv2,0.1,10,layer3.0.conv2,INT8__dense,8,8,dense,0.020000000000003126,0.25,2
resnet18_imagenetv2,0.1,11,layer3.0.downsample.0,INT8__dense,8,8,dense,0.09000000000000341,0.25,2
resnet18_imagenetv2,0.1,12,layer3.1.conv1,INT8__dense,8,8,dense,0.030000000000001137,0.25,2
resnet18_imagenetv2,0.1,13,layer3.1.conv2,INT8__dense,8,8,dense,0.060000000000002274,0.25,2
resnet18_imagenetv2,0.1,14,layer4.0.conv1,INT8__dense,8,8,dense,0.0,0.25,2
resnet18_imagenetv2,0.1,15,layer4.0.conv2,FP32__dense,32,32,dense,0.0,1.0,1
resnet18_imagenetv2,0.1,16,layer4.0.downsample.0,INT8__dense,8,8,dense,0.05000000000000426,0.25,2
resnet18_imagenetv2,0.1,17,layer4.1.conv1,INT8__dense,8,8,dense,0.05000000000000426,0.25,2
resnet18_imagenetv2,0.1,18,layer4.1.conv2,FP32__dense,32,32,dense,0.0,1.0,1
resnet18_imagenetv2,0.5,0,layer1.0.conv1,INT8__dense,8,8,dense,0.1600000000000037,0.25,2
resnet18_imagenetv2,0.5,1,layer1.0.conv2,INT8__dense,8,8,dense,-0.00999999999999801,0.25,2
resnet18_imagenetv2,0.5,2,layer1.1.conv1,INT8__dense,8,8,dense,0.12000000000000455,0.25,2
resnet18_imagenetv2,0.5,3,layer1.1.conv2,INT6__dense,6,6,dense,0.46000000000000085,0.1875,3
resnet18_imagenetv2,0.5,4,layer2.0.conv1,INT6__dense,6,6,dense,0.44000000000000483,0.1875,3
resnet18_imagenetv2,0.5,5,layer2.0.conv2,INT6__dense,6,6,dense,0.3100000000000023,0.1875,3
resnet18_imagenetv2,0.5,6,layer2.0.downsample.0,INT6__dense,6,6,dense,0.4299999999999997,0.1875,3
resnet18_imagenetv2,0.5,7,layer2.1.conv1,INT8__dense,8,8,dense,0.10999999999999943,0.25,2
resnet18_imagenetv2,0.5,8,layer2.1.conv2,INT6__dense,6,6,dense,-0.01999999999999602,0.1875,3
resnet18_imagenetv2,0.5,9,layer3.0.conv1,INT6__dense,6,6,dense,0.37000000000000455,0.1875,3
resnet18_imagenetv2,0.5,10,layer3.0.conv2,INT6__dense,6,6,dense,0.3100000000000023,0.1875,3
resnet18_imagenetv2,0.5,11,layer3.0.downsample.0,INT6__4to8,6,6,4to8,0.37000000000000455,0.09375,6
resnet18_imagenetv2,0.5,12,layer3.1.conv1,INT6__dense,6,6,dense,0.12000000000000455,0.1875,3
resnet18_imagenetv2,0.5,13,layer3.1.conv2,INT6__dense,6,6,dense,0.4200000000000017,0.1875,3
resnet18_imagenetv2,0.5,14,layer4.0.conv1,INT6__dense,6,6,dense,0.28999999999999915,0.1875,3
resnet18_imagenetv2,0.5,15,layer4.0.conv2,INT6__4to8,6,6,4to8,0.5,0.09375,6
resnet18_imagenetv2,0.5,16,layer4.0.downsample.0,INT6__dense,6,6,dense,0.21000000000000085,0.1875,3
resnet18_imagenetv2,0.5,17,layer4.1.conv1,INT6__dense,6,6,dense,0.19000000000000483,0.1875,3
resnet18_imagenetv2,0.5,18,layer4.1.conv2,INT6__dense,6,6,dense,0.3500000000000014,0.1875,3
resnet18_imagenetv2,1.0,0,layer1.0.conv1,INT8__dense,8,8,dense,0.1600000000000037,0.25,2
resnet18_imagenetv2,1.0,1,layer1.0.conv2,INT6__dense,6,6,dense,0.720000000000006,0.1875,3
resnet18_imagenetv2,1.0,2,layer1.1.conv1,INT6__dense,6,6,dense,0.730000000000004,0.1875,3
resnet18_imagenetv2,1.0,3,layer1.1.conv2,INT6__dense,6,6,dense,0.46000000000000085,0.1875,3
resnet18_imagenetv2,1.0,4,layer2.0.conv1,INT6__dense,6,6,dense,0.44000000000000483,0.1875,3
resnet18_imagenetv2,1.0,5,layer2.0.conv2,INT6__dense,6,6,dense,0.3100000000000023,0.1875,3
resnet18_imagenetv2,1.0,6,layer2.0.downsample.0,INT8__4to8,8,8,4to8,0.7700000000000031,0.125,5
resnet18_imagenetv2,1.0,7,layer2.1.conv1,INT6__dense,6,6,dense,0.5200000000000031,0.1875,3
resnet18_imagenetv2,1.0,8,layer2.1.conv2,INT6__4to8,6,6,4to8,0.6700000000000017,0.09375,9
resnet18_imagenetv2,1.0,9,layer3.0.conv1,INT6__dense,6,6,dense,0.37000000000000455,0.1875,3
resnet18_imagenetv2,1.0,10,layer3.0.conv2,INT6__4to8,6,6,4to8,0.970000000000006,0.09375,7
resnet18_imagenetv2,1.0,11,layer3.0.downsample.0,INT6__3to8,6,6,3to8,0.6900000000000048,0.0703125,12
resnet18_imagenetv2,1.0,12,layer3.1.conv1,INT6__dense,6,6,dense,0.12000000000000455,0.1875,3
resnet18_imagenetv2,1.0,13,layer3.1.conv2,INT6__dense,6,6,dense,0.4200000000000017,0.1875,3
resnet18_imagenetv2,1.0,14,layer4.0.conv1,INT6__dense,6,6,dense,0.28999999999999915,0.1875,3
resnet18_imagenetv2,1.0,15,layer4.0.conv2,INT6__4to8,6,6,4to8,0.5,0.09375,11
resnet18_imagenetv2,1.0,16,layer4.0.downsample.0,INT6__dense,6,6,dense,0.21000000000000085,0.1875,3
resnet18_imagenetv2,1.0,17,layer4.1.conv1,INT6__2to4,6,6,2to4,0.9600000000000009,0.09375,4
resnet18_imagenetv2,1.0,18,layer4.1.conv2,INT6__4to8,6,6,4to8,0.8200000000000003,0.09375,9
swin_tiny_imagenetv2,0.1,0,layers.0.blocks.0.attn.qkv,INT6__dense,6,6,dense,0.030000000000001137,0.1875,3
swin_tiny_imagenetv2,0.1,1,layers.0.blocks.0.attn.proj,INT6__dense,6,6,dense,-0.010000000000005116,0.1875,3
swin_tiny_imagenetv2,0.1,2,layers.0.blocks.0.mlp.fc1,INT6__dense,6,6,dense,0.010000000000005116,0.1875,3
swin_tiny_imagenetv2,0.1,3,layers.0.blocks.0.mlp.fc2,INT8__dense,8,8,dense,0.01999999999999602,0.25,2
swin_tiny_imagenetv2,0.1,4,layers.0.blocks.1.attn.qkv,INT4__3to8,4,4,3to8,0.01999999999999602,0.046875,15
swin_tiny_imagenetv2,0.1,5,layers.0.blocks.1.attn.proj,INT6__dense,6,6,dense,-0.030000000000001137,0.1875,3
swin_tiny_imagenetv2,0.1,6,layers.0.blocks.1.mlp.fc1,INT6__dense,6,6,dense,-0.06999999999999318,0.1875,3
swin_tiny_imagenetv2,0.1,7,layers.0.blocks.1.mlp.fc2,INT6__3to8,6,6,3to8,0.07000000000000739,0.0703125,8
swin_tiny_imagenetv2,0.1,8,layers.1.blocks.0.attn.qkv,INT4__3to8,4,4,3to8,0.0799999999999983,0.046875,15
swin_tiny_imagenetv2,0.1,9,layers.1.blocks.0.attn.proj,INT4__4to8,4,4,4to8,-0.010000000000005116,0.0625,6
swin_tiny_imagenetv2,0.1,10,layers.1.blocks.0.mlp.fc1,INT6__4to8,6,6,4to8,-0.030000000000001137,0.09375,6
swin_tiny_imagenetv2,0.1,11,layers.1.blocks.0.mlp.fc2,INT8__dense,8,8,dense,-0.06999999999999318,0.25,2
swin_tiny_imagenetv2,0.1,12,layers.1.blocks.1.attn.qkv,INT4__dense,4,4,dense,0.04000000000000625,0.125,4
swin_tiny_imagenetv2,0.1,13,layers.1.blocks.1.attn.proj,INT6__4to8,6,6,4to8,0.030000000000001137,0.09375,9
swin_tiny_imagenetv2,0.1,14,layers.1.blocks.1.mlp.fc1,INT4__dense,4,4,dense,-0.04000000000000625,0.125,5
swin_tiny_imagenetv2,0.1,15,layers.1.blocks.1.mlp.fc2,INT6__4to8,6,6,4to8,-0.12000000000000455,0.09375,5
swin_tiny_imagenetv2,0.1,16,layers.2.blocks.0.attn.qkv,INT4__4to8,4,4,4to8,0.04000000000000625,0.0625,12
swin_tiny_imagenetv2,0.1,17,layers.2.blocks.0.attn.proj,INT6__4to8,6,6,4to8,0.04999999999999716,0.09375,7
swin_tiny_imagenetv2,0.1,18,layers.2.blocks.0.mlp.fc1,INT6__4to8,6,6,4to8,0.010000000000005116,0.09375,8
swin_tiny_imagenetv2,0.1,19,layers.2.blocks.0.mlp.fc2,INT6__4to8,6,6,4to8,-0.0799999999999983,0.09375,9
swin_tiny_imagenetv2,0.1,20,layers.2.blocks.1.attn.qkv,INT4__3to8,4,4,3to8,0.04999999999999716,0.046875,11
swin_tiny_imagenetv2,0.1,21,layers.2.blocks.1.attn.proj,INT4__2to4,4,4,2to4,0.030000000000001137,0.0625,10
swin_tiny_imagenetv2,0.1,22,layers.2.blocks.1.mlp.fc1,INT6__4to8,6,6,4to8,0.01999999999999602,0.09375,4
swin_tiny_imagenetv2,0.1,23,layers.2.blocks.1.mlp.fc2,INT6__2to4,6,6,2to4,0.09999999999999432,0.09375,4
swin_tiny_imagenetv2,0.1,24,layers.2.blocks.2.attn.qkv,INT4__2to4,4,4,2to4,0.07000000000000739,0.0625,10
swin_tiny_imagenetv2,0.1,25,layers.2.blocks.2.attn.proj,INT6__4to8,6,6,4to8,-0.10999999999999943,0.09375,9
swin_tiny_imagenetv2,0.1,26,layers.2.blocks.2.mlp.fc1,INT6__dense,6,6,dense,-0.01999999999999602,0.1875,3
swin_tiny_imagenetv2,0.1,27,layers.2.blocks.2.mlp.fc2,INT8__4to8,8,8,4to8,0.0799999999999983,0.125,4
swin_tiny_imagenetv2,0.1,28,layers.2.blocks.3.attn.qkv,INT4__3to8,4,4,3to8,0.04000000000000625,0.046875,13
swin_tiny_imagenetv2,0.1,29,layers.2.blocks.3.attn.proj,INT6__4to8,6,6,4to8,-0.04999999999999716,0.09375,8
swin_tiny_imagenetv2,0.1,30,layers.2.blocks.3.mlp.fc1,INT6__dense,6,6,dense,0.010000000000005116,0.1875,3
swin_tiny_imagenetv2,0.1,31,layers.2.blocks.3.mlp.fc2,INT6__4to8,6,6,4to8,0.060000000000002274,0.09375,7
swin_tiny_imagenetv2,0.1,32,layers.2.blocks.4.attn.qkv,INT4__dense,4,4,dense,0.0799999999999983,0.125,4
swin_tiny_imagenetv2,0.1,33,layers.2.blocks.4.attn.proj,INT4__3to8,4,4,3to8,0.010000000000005116,0.046875,8
swin_tiny_imagenetv2,0.1,34,layers.2.blocks.4.mlp.fc1,INT6__4to8,6,6,4to8,-0.1799999999999926,0.09375,9
swin_tiny_imagenetv2,0.1,35,layers.2.blocks.4.mlp.fc2,INT8__dense,8,8,dense,0.07000000000000739,0.25,2
swin_tiny_imagenetv2,0.1,36,layers.2.blocks.5.attn.qkv,INT6__dense,6,6,dense,-0.01999999999999602,0.1875,3
swin_tiny_imagenetv2,0.1,37,layers.2.blocks.5.attn.proj,INT4__4to8,4,4,4to8,0.01999999999999602,0.0625,14
swin_tiny_imagenetv2,0.1,38,layers.2.blocks.5.mlp.fc1,INT6__dense,6,6,dense,0.060000000000002274,0.1875,3
swin_tiny_imagenetv2,0.1,39,layers.2.blocks.5.mlp.fc2,INT8__3to8,8,8,3to8,-0.060000000000002274,0.09375,6
swin_tiny_imagenetv2,0.1,40,layers.3.blocks.0.attn.qkv,INT6__dense,6,6,dense,-0.030000000000001137,0.1875,3
swin_tiny_imagenetv2,0.1,41,layers.3.blocks.0.attn.proj,INT6__3to8,6,6,3to8,0.09000000000000341,0.0703125,5
swin_tiny_imagenetv2,0.1,42,layers.3.blocks.0.mlp.fc1,INT6__dense,6,6,dense,-0.12999999999999545,0.1875,3
swin_tiny_imagenetv2,0.1,43,layers.3.blocks.0.mlp.fc2,INT4__4to8,4,4,4to8,-0.04999999999999716,0.0625,12
swin_tiny_imagenetv2,0.1,44,layers.3.blocks.1.attn.qkv,INT8__dense,8,8,dense,0.0,0.25,3
swin_tiny_imagenetv2,0.1,45,layers.3.blocks.1.attn.proj,INT4__2to4,4,4,2to4,-0.0799999999999983,0.0625,12
swin_tiny_imagenetv2,0.1,46,layers.3.blocks.1.mlp.fc1,INT6__dense,6,6,dense,-0.06999999999999318,0.1875,3
swin_tiny_imagenetv2,0.1,47,layers.3.blocks.1.mlp.fc2,INT6__dense,6,6,dense,0.010000000000005116,0.1875,3
swin_tiny_imagenetv2,0.5,0,layers.0.blocks.0.attn.qkv,INT4__4to8,4,4,4to8,0.3499999999999943,0.0625,15
swin_tiny_imagenetv2,0.5,1,layers.0.blocks.0.attn.proj,INT6__4to8,6,6,4to8,0.4899999999999949,0.09375,8
swin_tiny_imagenetv2,0.5,2,layers.0.blocks.0.mlp.fc1,INT6__4to8,6,6,4to8,0.18000000000000682,0.09375,9
swin_tiny_imagenetv2,0.5,3,layers.0.blocks.0.mlp.fc2,INT8__4to8,8,8,4to8,0.20000000000000284,0.125,5
swin_tiny_imagenetv2,0.5,4,layers.0.blocks.1.attn.qkv,INT4__3to8,4,4,3to8,0.01999999999999602,0.046875,16
swin_tiny_imagenetv2,0.5,5,layers.0.blocks.1.attn.proj,INT4__3to8,4,4,3to8,0.480000000000004,0.046875,16
swin_tiny_imagenetv2,0.5,6,layers.0.blocks.1.mlp.fc1,INT6__2to4,6,6,2to4,0.15000000000000568,0.09375,10
swin_tiny_imagenetv2,0.5,7,layers.0.blocks.1.mlp.fc2,INT6__3to8,6,6,3to8,0.07000000000000739,0.0703125,12
swin_tiny_imagenetv2,0.5,8,layers.1.blocks.0.attn.qkv,INT4__3to8,4,4,3to8,0.0799999999999983,0.046875,16
swin_tiny_imagenetv2,0.5,9,layers.1.blocks.0.attn.proj,INT4__3to8,4,4,3to8,0.23999999999999488,0.046875,16
swin_tiny_imagenetv2,0.5,10,layers.1.blocks.0.mlp.fc1,INT4__4to8,4,4,4to8,0.1700000000000017,0.0625,15
swin_tiny_imagenetv2,0.5,11,layers.1.blocks.0.mlp.fc2,INT6__2to4,6,6,2to4,0.2600000000000051,0.09375,6
swin_tiny_imagenetv2,0.5,12,layers.1.blocks.1.attn.qkv,INT4__3to8,4,4,3to8,0.39000000000000057,0.046875,16
swin_tiny_imagenetv2,0.5,13,layers.1.blocks.1.attn.proj,INT4__3to8,4,4,3to8,0.23999999999999488,0.046875,16
swin_tiny_imagenetv2,0.5,14,layers.1.blocks.1.mlp.fc1,INT4__4to8,4,4,4to8,0.29999999999999716,0.0625,11
swin_tiny_imagenetv2,0.5,15,layers.1.blocks.1.mlp.fc2,INT6__3to8,6,6,3to8,0.25,0.0703125,12
swin_tiny_imagenetv2,0.5,16,layers.2.blocks.0.attn.qkv,INT4__3to8,4,4,3to8,0.14000000000000057,0.046875,16
swin_tiny_imagenetv2,0.5,17,layers.2.blocks.0.attn.proj,INT4__3to8,4,4,3to8,0.3200000000000074,0.046875,16
swin_tiny_imagenetv2,0.5,18,layers.2.blocks.0.mlp.fc1,INT4__3to8,4,4,3to8,0.28000000000000114,0.046875,16
swin_tiny_imagenetv2,0.5,19,layers.2.blocks.0.mlp.fc2,INT6__3to8,6,6,3to8,0.18000000000000682,0.0703125,12
swin_tiny_imagenetv2,0.5,20,layers.2.blocks.1.attn.qkv,INT4__3to8,4,4,3to8,0.04999999999999716,0.046875,16
swin_tiny_imagenetv2,0.5,21,layers.2.blocks.1.attn.proj,INT4__3to8,4,4,3to8,0.37000000000000455,0.046875,16
swin_tiny_imagenetv2,0.5,22,layers.2.blocks.1.mlp.fc1,INT4__3to8,4,4,3to8,0.3299999999999983,0.046875,16
swin_tiny_imagenetv2,0.5,23,layers.2.blocks.1.mlp.fc2,INT6__3to8,6,6,3to8,0.3400000000000034,0.0703125,12
swin_tiny_imagenetv2,0.5,24,layers.2.blocks.2.attn.qkv,INT4__3to8,4,4,3to8,0.29000000000000625,0.046875,16
swin_tiny_imagenetv2,0.5,25,layers.2.blocks.2.attn.proj,INT4__3to8,4,4,3to8,0.35999999999999943,0.046875,16
swin_tiny_imagenetv2,0.5,26,layers.2.blocks.2.mlp.fc1,INT4__3to8,4,4,3to8,0.29999999999999716,0.046875,16
swin_tiny_imagenetv2,0.5,27,layers.2.blocks.2.mlp.fc2,INT6__3to8,6,6,3to8,0.37999999999999545,0.0703125,12
swin_tiny_imagenetv2,0.5,28,layers.2.blocks.3.attn.qkv,INT4__3to8,4,4,3to8,0.04000000000000625,0.046875,16
swin_tiny_imagenetv2,0.5,29,layers.2.blocks.3.attn.proj,INT4__3to8,4,4,3to8,0.23999999999999488,0.046875,16
swin_tiny_imagenetv2,0.5,30,layers.2.blocks.3.mlp.fc1,INT4__3to8,4,4,3to8,0.480000000000004,0.046875,16
swin_tiny_imagenetv2,0.5,31,layers.2.blocks.3.mlp.fc2,INT6__3to8,6,6,3to8,0.35999999999999943,0.0703125,12
swin_tiny_imagenetv2,0.5,32,layers.2.blocks.4.attn.qkv,INT4__3to8,4,4,3to8,0.37000000000000455,0.046875,16
swin_tiny_imagenetv2,0.5,33,layers.2.blocks.4.attn.proj,INT4__3to8,4,4,3to8,0.010000000000005116,0.046875,16
swin_tiny_imagenetv2,0.5,34,layers.2.blocks.4.mlp.fc1,INT6__3to8,6,6,3to8,0.3200000000000074,0.0703125,13
swin_tiny_imagenetv2,0.5,35,layers.2.blocks.4.mlp.fc2,INT8__3to8,8,8,3to8,0.3100000000000023,0.09375,8
swin_tiny_imagenetv2,0.5,36,layers.2.blocks.5.attn.qkv,INT4__3to8,4,4,3to8,0.37999999999999545,0.046875,15
swin_tiny_imagenetv2,0.5,37,layers.2.blocks.5.attn.proj,INT4__3to8,4,4,3to8,0.29999999999999716,0.046875,16
swin_tiny_imagenetv2,0.5,38,layers.2.blocks.5.mlp.fc1,INT6__3to8,6,6,3to8,0.3200000000000074,0.0703125,12
swin_tiny_imagenetv2,0.5,39,layers.2.blocks.5.mlp.fc2,INT6__3to8,6,6,3to8,0.29999999999999716,0.0703125,12
swin_tiny_imagenetv2,0.5,40,layers.3.blocks.0.attn.qkv,INT6__3to8,6,6,3to8,0.1700000000000017,0.0703125,12
swin_tiny_imagenetv2,0.5,41,layers.3.blocks.0.attn.proj,INT4__3to8,4,4,3to8,0.4099999999999966,0.046875,16
swin_tiny_imagenetv2,0.5,42,layers.3.blocks.0.mlp.fc1,INT6__3to8,6,6,3to8,0.4099999999999966,0.0703125,11
swin_tiny_imagenetv2,0.5,43,layers.3.blocks.0.mlp.fc2,INT4__3to8,4,4,3to8,0.20999999999999375,0.046875,16
swin_tiny_imagenetv2,0.5,44,layers.3.blocks.1.attn.qkv,INT6__3to8,6,6,3to8,0.4099999999999966,0.0703125,12
swin_tiny_imagenetv2,0.5,45,layers.3.blocks.1.attn.proj,INT4__3to8,4,4,3to8,0.20999999999999375,0.046875,16
swin_tiny_imagenetv2,0.5,46,layers.3.blocks.1.mlp.fc1,INT4__4to8,4,4,4to8,0.4300000000000068,0.0625,9
swin_tiny_imagenetv2,0.5,47,layers.3.blocks.1.mlp.fc2,INT4__3to8,4,4,3to8,0.23999999999999488,0.046875,16
swin_tiny_imagenetv2,1.0,0,layers.0.blocks.0.attn.qkv,INT4__3to8,4,4,3to8,0.5799999999999983,0.046875,16
swin_tiny_imagenetv2,1.0,1,layers.0.blocks.0.attn.proj,INT4__3to8,4,4,3to8,0.769999999999996,0.046875,16
swin_tiny_imagenetv2,1.0,2,layers.0.blocks.0.mlp.fc1,INT6__3to8,6,6,3to8,0.75,0.0703125,12
swin_tiny_imagenetv2,1.0,3,layers.0.blocks.0.mlp.fc2,INT6__4to8,6,6,4to8,0.7600000000000051,0.09375,8
swin_tiny_imagenetv2,1.0,4,layers.0.blocks.1.attn.qkv,INT4__3to8,4,4,3to8,0.01999999999999602,0.046875,16
swin_tiny_imagenetv2,1.0,5,layers.0.blocks.1.attn.proj,INT4__3to8,4,4,3to8,0.480000000000004,0.046875,16
swin_tiny_imagenetv2,1.0,6,layers.0.blocks.1.mlp.fc1,INT4__3to8,4,4,3to8,0.8799999999999955,0.046875,16
swin_tiny_imagenetv2,1.0,7,layers.0.blocks.1.mlp.fc2,INT6__3to8,6,6,3to8,0.07000000000000739,0.0703125,13
swin_tiny_imagenetv2,1.0,8,layers.1.blocks.0.attn.qkv,INT4__3to8,4,4,3to8,0.0799999999999983,0.046875,16
swin_tiny_imagenetv2,1.0,9,layers.1.blocks.0.attn.proj,INT4__3to8,4,4,3to8,0.23999999999999488,0.046875,16
swin_tiny_imagenetv2,1.0,10,layers.1.blocks.0.mlp.fc1,INT4__3to8,4,4,3to8,0.6700000000000017,0.046875,16
swin_tiny_imagenetv2,1.0,11,layers.1.blocks.0.mlp.fc2,INT6__3to8,6,6,3to8,0.5400000000000063,0.0703125,11
swin_tiny_imagenetv2,1.0,12,layers.1.blocks.1.attn.qkv,INT4__3to8,4,4,3to8,0.39000000000000057,0.046875,16
swin_tiny_imagenetv2,1.0,13,layers.1.blocks.1.attn.proj,INT4__3to8,4,4,3to8,0.23999999999999488,0.046875,16
swin_tiny_imagenetv2,1.0,14,layers.1.blocks.1.mlp.fc1,INT4__3to8,4,4,3to8,0.6899999999999977,0.046875,16
swin_tiny_imagenetv2,1.0,15,layers.1.blocks.1.mlp.fc2,INT6__3to8,6,6,3to8,0.25,0.0703125,12
swin_tiny_imagenetv2,1.0,16,layers.2.blocks.0.attn.qkv,INT4__3to8,4,4,3to8,0.14000000000000057,0.046875,16
swin_tiny_imagenetv2,1.0,17,layers.2.blocks.0.attn.proj,INT4__3to8,4,4,3to8,0.3200000000000074,0.046875,16
swin_tiny_imagenetv2,1.0,18,layers.2.blocks.0.mlp.fc1,INT4__3to8,4,4,3to8,0.28000000000000114,0.046875,16
swin_tiny_imagenetv2,1.0,19,layers.2.blocks.0.mlp.fc2,INT6__3to8,6,6,3to8,0.18000000000000682,0.0703125,12
swin_tiny_imagenetv2,1.0,20,layers.2.blocks.1.attn.qkv,INT4__3to8,4,4,3to8,0.04999999999999716,0.046875,16
swin_tiny_imagenetv2,1.0,21,layers.2.blocks.1.attn.proj,INT4__3to8,4,4,3to8,0.37000000000000455,0.046875,16
swin_tiny_imagenetv2,1.0,22,layers.2.blocks.1.mlp.fc1,INT4__3to8,4,4,3to8,0.3299999999999983,0.046875,16
swin_tiny_imagenetv2,1.0,23,layers.2.blocks.1.mlp.fc2,INT6__3to8,6,6,3to8,0.3400000000000034,0.0703125,12
swin_tiny_imagenetv2,1.0,24,layers.2.blocks.2.attn.qkv,INT4__3to8,4,4,3to8,0.29000000000000625,0.046875,16
swin_tiny_imagenetv2,1.0,25,layers.2.blocks.2.attn.proj,INT4__3to8,4,4,3to8,0.35999999999999943,0.046875,16
swin_tiny_imagenetv2,1.0,26,layers.2.blocks.2.mlp.fc1,INT4__3to8,4,4,3to8,0.29999999999999716,0.046875,16
swin_tiny_imagenetv2,1.0,27,layers.2.blocks.2.mlp.fc2,INT6__3to8,6,6,3to8,0.37999999999999545,0.0703125,12
swin_tiny_imagenetv2,1.0,28,layers.2.blocks.3.attn.qkv,INT4__3to8,4,4,3to8,0.04000000000000625,0.046875,16
swin_tiny_imagenetv2,1.0,29,layers.2.blocks.3.attn.proj,INT4__3to8,4,4,3to8,0.23999999999999488,0.046875,16
swin_tiny_imagenetv2,1.0,30,layers.2.blocks.3.mlp.fc1,INT4__3to8,4,4,3to8,0.480000000000004,0.046875,16
swin_tiny_imagenetv2,1.0,31,layers.2.blocks.3.mlp.fc2,INT6__3to8,6,6,3to8,0.35999999999999943,0.0703125,12
swin_tiny_imagenetv2,1.0,32,layers.2.blocks.4.attn.qkv,INT4__3to8,4,4,3to8,0.37000000000000455,0.046875,16
swin_tiny_imagenetv2,1.0,33,layers.2.blocks.4.attn.proj,INT4__3to8,4,4,3to8,0.010000000000005116,0.046875,16
swin_tiny_imagenetv2,1.0,34,layers.2.blocks.4.mlp.fc1,INT4__3to8,4,4,3to8,0.7000000000000028,0.046875,16
swin_tiny_imagenetv2,1.0,35,layers.2.blocks.4.mlp.fc2,INT4__3to8,4,4,3to8,0.7099999999999937,0.046875,16
swin_tiny_imagenetv2,1.0,36,layers.2.blocks.5.attn.qkv,INT4__3to8,4,4,3to8,0.37999999999999545,0.046875,16
swin_tiny_imagenetv2,1.0,37,layers.2.blocks.5.attn.proj,INT4__3to8,4,4,3to8,0.29999999999999716,0.046875,16
swin_tiny_imagenetv2,1.0,38,layers.2.blocks.5.mlp.fc1,INT4__3to8,4,4,3to8,0.9500000000000028,0.046875,15
swin_tiny_imagenetv2,1.0,39,layers.2.blocks.5.mlp.fc2,INT4__3to8,4,4,3to8,0.8299999999999983,0.046875,16
swin_tiny_imagenetv2,1.0,40,layers.3.blocks.0.attn.qkv,INT4__4to8,4,4,4to8,0.9200000000000017,0.0625,14
swin_tiny_imagenetv2,1.0,41,layers.3.blocks.0.attn.proj,INT4__3to8,4,4,3to8,0.4099999999999966,0.046875,16
swin_tiny_imagenetv2,1.0,42,layers.3.blocks.0.mlp.fc1,INT6__3to8,6,6,3to8,0.4099999999999966,0.0703125,12
swin_tiny_imagenetv2,1.0,43,layers.3.blocks.0.mlp.fc2,INT4__3to8,4,4,3to8,0.20999999999999375,0.046875,16
swin_tiny_imagenetv2,1.0,44,layers.3.blocks.1.attn.qkv,INT4__3to8,4,4,3to8,0.9699999999999989,0.046875,16
swin_tiny_imagenetv2,1.0,45,layers.3.blocks.1.attn.proj,INT4__3to8,4,4,3to8,0.20999999999999375,0.046875,16
swin_tiny_imagenetv2,1.0,46,layers.3.blocks.1.mlp.fc1,INT4__3to8,4,4,3to8,0.9899999999999949,0.046875,16
swin_tiny_imagenetv2,1.0,47,layers.3.blocks.1.mlp.fc2,INT4__3to8,4,4,3to8,0.23999999999999488,0.046875,16
