model,threshold_top1_drop_pp,dense_top1,joint_top1,joint_top1_drop_pp,dense_top5,joint_top5,joint_top5_drop_pp,selected_layers,normalized_energy,energy_saving_percent,runtime_seconds,source_file
deit_tiny_imagenetv2,0.1,59.81,57.88,1.9299999999999997,82.69,81.27,1.4200000000000017,48,0.234375,76.5625,15.931740118190646,/storage/users/pdarbani/Mehrshad/Transformer/v4.0/pretrained-isolation-framework/outputs/imagenetv2/deit_tiny/deit_tiny_imagenetv2_joint_thresholds.json
deit_tiny_imagenetv2,0.5,59.81,33.5,26.310000000000002,82.69,57.43,25.259999999999998,48,0.11344401041666667,88.65559895833334,15.800960924476385,/storage/users/pdarbani/Mehrshad/Transformer/v4.0/pretrained-isolation-framework/outputs/imagenetv2/deit_tiny/deit_tiny_imagenetv2_joint_thresholds.json
deit_tiny_imagenetv2,1.0,59.81,9.71,50.1,82.69,22.48,60.209999999999994,48,0.07291666666666667,92.70833333333334,15.593851229175925,/storage/users/pdarbani/Mehrshad/Transformer/v4.0/pretrained-isolation-framework/outputs/imagenetv2/deit_tiny/deit_tiny_imagenetv2_joint_thresholds.json
resnet18_imagenetv2,0.1,59.38,59.35,0.030000000000001137,80.93,81.05,-0.11999999999999034,19,0.48355263157894735,51.64473684210527,14.482957433909178,/storage/users/pdarbani/Mehrshad/Transformer/v4.0/pretrained-isolation-framework/outputs/imagenetv2/resnet18/resnet18_imagenetv2_joint_thresholds.json
resnet18_imagenetv2,0.5,59.38,55.4,3.980000000000004,80.93,77.7,3.230000000000004,19,0.19078947368421054,80.92105263157895,14.821717534214258,/storage/users/pdarbani/Mehrshad/Transformer/v4.0/pretrained-isolation-framework/outputs/imagenetv2/resnet18/resnet18_imagenetv2_joint_thresholds.json
resnet18_imagenetv2,1.0,59.38,47.05,12.330000000000005,80.93,70.62,10.310000000000002,19,0.15666118421052633,84.33388157894737,14.59419390000403,/storage/users/pdarbani/Mehrshad/Transformer/v4.0/pretrained-isolation-framework/outputs/imagenetv2/resnet18/resnet18_imagenetv2_joint_thresholds.json
swin_tiny_imagenetv2,0.1,69.64,59.13,10.509999999999998,89.07,81.0,8.069999999999993,48,0.12434895833333333,87.56510416666666,30.073091125115752,/storage/users/pdarbani/Mehrshad/Transformer/v4.0/pretrained-isolation-framework/outputs/imagenetv2/swin_tiny/swin_tiny_imagenetv2_joint_thresholds.json
swin_tiny_imagenetv2,0.5,69.64,14.18,55.46,89.07,31.35,57.71999999999999,48,0.060546875,93.9453125,30.556444108486176,/storage/users/pdarbani/Mehrshad/Transformer/v4.0/pretrained-isolation-framework/outputs/imagenetv2/swin_tiny/swin_tiny_imagenetv2_joint_thresholds.json
swin_tiny_imagenetv2,1.0,69.64,3.07,66.57000000000001,89.07,10.6,78.47,48,0.052571614583333336,94.74283854166666,30.140315735712647,/storage/users/pdarbani/Mehrshad/Transformer/v4.0/pretrained-isolation-framework/outputs/imagenetv2/swin_tiny/swin_tiny_imagenetv2_joint_thresholds.json
